Date,Date,Value,D-value,Rate
0,2009/11/16,621.65,-11.98,-0.01927129 
1,2009/12/16,609.67,1.25,0.00205029 
2,9/13/16,610.92,-2.1,-0.00343744 
3,9/14/16,608.82,1.56,0.00256233 
4,9/15/16,610.38,-1.27,-0.00208067 
5,9/16/16,609.11,-2.07,-0.00339840 
6,9/17/16,607.04,4.54,0.00747891 
7,9/18/16,611.58,-1.39,-0.00227280 
8,9/19/16,610.19,-1.53,-0.00250742 
9,9/20/16,608.66,-9.78,-0.01606808 
10,9/21/16,598.88,-1.46,-0.00243788 
11,9/22/16,597.42,-3.34,-0.00559071 
12,9/23/16,594.08,9.8,0.01649609 
13,9/24/16,603.88,-2.14,-0.00354375 
14,9/25/16,601.74,-2.76,-0.00458670 
15,9/26/16,598.98,6.98,0.01165314 
16,9/27/16,605.96,-0.29,-0.00047858 
17,9/28/16,605.67,-1.82,-0.00300494 
18,9/29/16,603.85,5.54,0.00917446 
19,9/30/16,609.39,5.43,0.00891055 
20,2010/1/16,614.82,-1.84,-0.00299275 
21,2010/2/16,612.98,-1.13,-0.00184345 
22,2010/3/16,611.85,-2.23,-0.00364468 
23,2010/4/16,609.62,-2.44,-0.00400249 
24,2010/5/16,607.18,4.9,0.00807009 
25,2010/6/16,612.08,5.13,0.00838126 
26,2010/7/16,617.21,-2.47,-0.00400188 
27,2010/8/16,614.74,0.91,0.00148030 
28,2010/9/16,615.65,1.89,0.00306993 
29,2010/10/16,617.54,-2.77,-0.00448554 
30,2010/11/16,614.77,20.24,0.03292288 
31,2010/12/16,635.01,0.95,0.00149604 
32,10/13/16,635.96,-1.94,-0.00305051 
33,10/14/16,634.02,3.92,0.00618277 
34,10/15/16,637.94,3.48,0.00545506 
35,10/16/16,641.42,-2.45,-0.00381965 
36,10/17/16,638.97,-2.68,-0.00419425 
37,10/18/16,636.29,-7.04,-0.01106414 
38,10/19/16,629.25,-1.53,-0.00243147 
39,10/20/16,627.72,4.2,0.00669088 
40,10/21/16,631.92,23.56,0.03728320 
41,10/22/16,655.48,-2.23,-0.00340209 
42,10/23/16,653.25,-1.86,-0.00284730 
43,10/24/16,651.39,3.92,0.00601790 
44,10/25/16,655.31,-3.86,-0.00589034 
45,10/26/16,651.45,30.77,0.04723310 
46,10/27/16,682.22,5.46,0.00800328 
47,10/28/16,687.68,-1.77,-0.00257387 
48,10/29/16,685.91,12.09,0.01762622 
49,10/30/16,698,4,0.00573066 
50,10/31/16,702,-4.99,-0.00710826 
51,2011/1/16,697.01,36.32,0.05210829 
52,2011/2/16,733.33,-47.16,-0.06430938 
53,2011/3/16,686.17,-2.48,-0.00361426 
54,2011/4/16,683.69,21.1,0.03086194 
55,2011/5/16,704.79,7.21,0.01023000 
56,2011/6/16,712,-2.04,-0.00286517 
57,2011/7/16,709.96,-0.99,-0.00139444 
58,2011/8/16,708.97,11.96,0.01686954 
59,2011/9/16,720.93,0.57,0.00079065 
60,2011/10/16,721.5,-6.05,-0.00838531 
61,2011/11/16,715.45,-11.74,-0.01640925 
62,2011/12/16,703.71,-1.43,-0.00203209 
63,11/13/16,702.28,4.18,0.00595204 
64,11/14/16,706.46,4.45,0.00629901 
65,11/15/16,710.91,0.82,0.00115345 
66,11/16/16,711.73,25.23,0.03544884 
67,11/17/16,736.96,10.56,0.01432914 
68,11/18/16,747.52,1.46,0.00195313 
69,11/19/16,748.98,-19.92,-0.02659617 
70,11/20/16,729.06,9.47,0.01298933 
71,11/21/16,738.53,-1.56,-0.00211230 
72,11/22/16,736.97,4.66,0.00632319 
73,11/23/16,741.63,-4.18,-0.00563623 
74,11/24/16,737.45,-1.81,-0.00245440 
75,11/25/16,735.64,-1.97,-0.00267794 
76,11/26/16,733.67,-5.71,-0.00778279 
77,11/27/16,727.96,-0.65,-0.00089291 
78,11/28/16,727.31,5.4,0.00742462 
79,11/29/16,732.71,9.98,0.01362067 
80,11/30/16,742.69,-0.64,-0.00086173 
81,2012/1/16,742.05,30.38,0.04094064 
82,2012/2/16,772.43,-8.1,-0.01048639 
83,2012/3/16,764.33,-1.36,-0.00177934 
84,2012/4/16,762.97,-8.34,-0.01093097 
85,2012/5/16,754.63,1.99,0.00263705 
86,2012/6/16,756.62,2.37,0.00313235 
87,2012/7/16,758.99,10.73,0.01413721 
88,2012/8/16,769.72,0.3,0.00038975 
89,2012/9/16,770.02,-0.94,-0.00122075 
90,2012/10/16,769.08,7.92,0.01029802 
91,2012/11/16,777,0,0.00000000 
92,2012/12/16,777,0.99,0.00127413 
93,12/13/16,777.99,-3.1,-0.00398463 
94,12/14/16,774.89,1.86,0.00240034 
95,12/15/16,776.75,-0.87,-0.00112005 
96,12/16/16,775.88,12.82,0.01652317 
97,12/17/16,788.7,-0.3,-0.00038037 
98,12/18/16,788.4,0.27,0.00034247 
99,12/19/16,788.67,4.42,0.00560437 
100,12/20/16,793.09,31.12,0.03923893 
101,12/21/16,824.21,10.76,0.01305493 
102,12/22/16,834.97,66.34,0.07945196 
103,12/23/16,901.31,-9.7,-0.01076211 
104,12/24/16,891.61,0.99,0.00111035 
105,12/25/16,892.6,4.73,0.00529913 
106,12/26/16,897.33,33.04,0.03682034 
107,12/27/16,930.37,-0.03,-0.00003225 
108,12/28/16,930.34,33.04,0.03551390 
109,12/29/16,963.38,-11.23,-0.01165687 
110,12/30/16,952.15,5.97,0.00627002 
111,12/31/16,958.12,39.6,0.04133094 
112,2001/1/17,997.72,18.25,0.01829171 
113,2001/2/17,1015.97,-2.55,-0.00250992 
114,2001/3/17,1013.42,113.34,0.11183912 
115,2001/4/17,1126.76,-132.09,-0.11722993 
116,2001/5/17,994.67,4.98,0.00500669 
117,2001/6/17,999.65,-102.82,-0.10285600 
118,2001/7/17,896.83,11.31,0.01261109 
119,2001/8/17,908.14,2.35,0.00258771 
120,2001/9/17,910.49,-4.44,-0.00487650 
121,2001/10/17,906.05,-120.83,-0.13335909 
122,2001/11/17,785.22,-4.3,-0.00547617 
123,2001/12/17,780.92,45.37,0.05809814 
124,1/13/17,826.29,-8.38,-0.01014172 
125,1/14/17,817.91,1.64,0.00200511 
126,1/15/17,819.55,10.95,0.01336099 
127,1/16/17,830.5,73.34,0.08830825 
128,1/17/17,903.84,2.76,0.00305364 
129,1/18/17,906.6,-10.801125,-0.01191388 
130,1/19/17,895.798875,-2.1777875,-0.00243111 
131,1/20/17,893.6210875,2.0189125,0.00225925 
132,1/21/17,895.64,22.963625,0.02563935 
133,1/22/17,918.603625,3.4699875,0.00377746 
134,1/23/17,922.0736125,-2.1036125,-0.00228139 
135,1/24/17,919.97,-26.924375,-0.02926658 
136,1/25/17,893.045625,22.910625,0.02565448 
137,1/26/17,915.95625,-0.90625,-0.00098940 
138,1/27/17,915.05,5.26225,0.00575078 
139,1/28/17,920.31225,-4.37925,-0.00475844 
140,1/29/17,915.933,-3.743,-0.00408654 
141,1/30/17,912.19,52.516075,0.05757142 
142,1/31/17,964.706075,14.9978,0.01554650 
143,2002/1/17,979.703875,3.716125,0.00379311 
144,2002/2/17,983.42,29.607,0.03010616 
145,2002/3/17,1013.027,17.972413,0.01774130 
146,2002/4/17,1030.999413,3.070587,0.00297826 
147,2002/5/17,1034.07,-10.05625,-0.00972492 
148,2002/6/17,1024.01375,26.09625,0.02548428 
149,2002/7/17,1050.11,2.73,0.00259973 
150,2002/8/17,1052.84,-76.737,-0.07288572 
151,2002/9/17,976.103,23.0005,0.02356360 
152,2002/10/17,999.1035,-1.5135,-0.00151486 
153,2002/11/17,997.59,3.014625,0.00302191 
154,2002/12/17,1000.604625,-0.72725,-0.00072681 
155,2/13/17,999.877375,1.322625,0.00132279 
156,2/14/17,1001.2,11.125988,0.01111265 
157,2/15/17,1012.325988,22.882137,0.02260353 
158,2/16/17,1035.208125,-0.008125,-0.00000785 
159,2/17/17,1035.2,21.437138,0.02070821 
160,2/18/17,1056.637138,-3.857852,-0.00365107 
161,2/19/17,1052.779286,-1.909286,-0.00181357 
162,2/20/17,1050.87,72.918429,0.06938863 
163,2/21/17,1123.788429,-0.565241,-0.00050298 
164,2/22/17,1123.223188,6.786812,0.00604226 
165,2/23/17,1130.01,44.85625,0.03969545 
166,2/24/17,1174.86625,-24.260536,-0.02064962 
167,2/25/17,1150.605714,-0.235714,-0.00020486 
168,2/26/17,1150.37,40.38195,0.03510344 
169,2/27/17,1190.75195,-3.186664,-0.00267618 
170,2/28/17,1187.565286,3.324714,0.00279961 
171,2003/1/17,1190.89,68.520817,0.05753749 
172,2003/2/17,1259.410817,25.729183,0.02042954 
173,2003/3/17,1285.14,1.86,0.00144731 
174,2003/4/17,1287,-16.0667,-0.01248384 
175,2003/5/17,1270.9333,4.264075,0.00335507 
176,2003/6/17,1275.197375,4.302625,0.00337409 
177,2003/7/17,1279.5,-122.1067,-0.09543314 
178,2003/8/17,1157.3933,35.075843,0.03030590 
179,2003/9/17,1192.469143,-0.379143,-0.00031795 
180,2003/10/17,1192.09,-12.930125,-0.01084660 
181,2003/11/17,1179.159875,48.33475,0.04099084 
182,2003/12/17,1227.494625,0.185375,0.00015102 
183,3/13/17,1227.68,17.690786,0.01440993 
184,3/14/17,1245.370786,12.028839,0.00965884 
185,3/15/17,1257.399625,-0.399625,-0.00031782 
186,3/16/17,1257,-165.828112,-0.13192372 
187,3/17/17,1091.171888,-138.9395255,-0.12733056 
188,3/18/17,952.2323625,15.4576375,0.01623305 
189,3/19/17,967.69,81.394488,0.08411215 
190,3/20/17,1049.084488,69.545555,0.06629166 
191,3/21/17,1118.630043,-5.630043,-0.00503298 
192,3/22/17,1113,-74.211,-0.06667655 
193,3/23/17,1038.789,-96.8692857,-0.09325213 
194,3/24/17,941.9197143,-13.9897143,-0.01485234 
195,3/25/17,927.93,28.8563125,0.03109751 
196,3/26/17,956.7863125,80.4429375,0.08407618 
197,3/27/17,1037.22925,3.81075,0.00367397 
198,3/28/17,1041.04,-0.4645,-0.00044619 
199,3/29/17,1040.5755,-2.67095,-0.00256680 
200,3/30/17,1037.90455,-3.16455,-0.00304898 
201,3/31/17,1034.74,52.189571,0.05043738 
202,2004/1/17,1086.929571,12.239554,0.01126067 
203,2004/2/17,1099.169125,-19.179125,-0.01744875 
204,2004/3/17,1079.99,61.610363,0.05704716 
205,2004/4/17,1141.600363,-8.521049,-0.00746413 
206,2004/5/17,1133.079314,0.450686,0.00039775 
207,2004/6/17,1133.53,56.92425,0.05021857 
208,2004/7/17,1190.45425,-9.304412,-0.00781585 
209,2004/8/17,1181.149838,2.880162,0.00243844 
210,2004/9/17,1184.03,23.714875,0.02002895 
211,2004/10/17,1207.744875,18.872163,0.01562595 
212,2004/11/17,1226.617038,-7.527038,-0.00613642 
213,2004/12/17,1219.09,-39.066287,-0.03204545 
214,4/13/17,1180.023713,5.236344,0.00443749 
215,4/14/17,1185.260057,-14.900057,-0.01257113 
216,4/15/17,1170.36,16.567413,0.01415583 
217,4/16/17,1186.927413,18.707462,0.01576125 
218,4/17/17,1205.634875,-28.664875,-0.02377575 
219,4/18/17,1176.97,40.960088,0.03480130 
220,4/19/17,1217.930088,23.756237,0.01950542 
221,4/20/17,1241.686325,-5.056325,-0.00407214 
222,4/21/17,1236.63,24.681225,0.01995846 
223,4/22/17,1261.311225,-3.323112,-0.00263465 
224,4/23/17,1257.988113,-17.148113,-0.01363138 
225,4/24/17,1240.84,38.574688,0.03108756 
226,4/25/17,1279.414688,29.695187,0.02320998 
227,4/26/17,1309.109875,-21.089875,-0.01611009 
228,4/27/17,1288.02,43.274429,0.03359764 
229,4/28/17,1331.294429,3.684609,0.00276769 
230,4/29/17,1334.979038,-1.979038,-0.00148245 
231,4/30/17,1333,84.172813,0.06314540 
232,2005/1/17,1417.172813,34.903475,0.02462895 
233,2005/2/17,1452.076288,-4.526288,-0.00311711 
234,2005/3/17,1447.55,60.742125,0.04196202 
235,2005/4/17,1508.292125,25.042946,0.01660351 
236,2005/5/17,1533.335071,-14.585071,-0.00951199 
237,2005/6/17,1518.75,17.118429,0.01127139 
238,2005/7/17,1535.868429,104.750796,0.06820297 
239,2005/8/17,1640.619225,10.480775,0.00638830 
240,2005/9/17,1651.1,111.78625,0.06770411 
241,2005/10/17,1762.88625,58.104313,0.03295976 
242,2005/11/17,1820.990563,8.009437,0.00439840 
243,2005/12/17,1829,-57.079987,-0.03120830 
244,5/13/17,1771.920013,4.396487,0.00248120 
245,5/14/17,1776.3165,3.6835,0.00207367 
246,5/15/17,1780,-40.968025,-0.02301574 
247,5/16/17,1739.031975,68.453088,0.03936275 
248,5/17/17,1807.485063,-23.505063,-0.01300429 
249,5/18/17,1783.98,177.540488,0.09951933 
250,5/19/17,1961.520488,91.3893,0.04659105 
251,5/20/17,2052.909788,-44.069788,-0.02146699 
252,5/21/17,2008.84,81.822313,0.04073112 
253,5/22/17,2090.662313,197.047975,0.09425146 
254,5/23/17,2287.710288,-31.390288,-0.01372127 
255,5/24/17,2256.32,130.886286,0.05800874 
256,5/25/17,2387.206286,-175.229429,-0.07340356 
257,5/26/17,2211.976857,67.843143,0.03067082 
258,5/27/17,2279.82,-86.8392,-0.03809038 
259,5/28/17,2192.9808,82.9499,0.03782518 
260,5/29/17,2275.9307,14.0893,0.00619057 
261,5/30/17,2290.02,-4.086086,-0.00178430 
262,5/31/17,2285.933914,113.308757,0.04956782 
263,2006/1/17,2399.242671,10.687329,0.00445446 
264,2006/2/17,2409.93,115.835158,0.04806578 
265,2006/3/17,2525.765158,-9.592015,-0.00379767 
266,2006/4/17,2516.173143,13.356857,0.00530840 
267,2006/5/17,2529.53,353.783697,0.13986144 
268,2006/6/17,2883.313697,-218.392834,-0.07574370 
269,2006/7/17,2664.920863,18.109137,0.00679538 
270,2006/8/17,2683.03,144.4613,0.05384260 
271,2006/9/17,2827.4913,17.881557,0.00632418 
272,2006/10/17,2845.372857,53.257143,0.01871711 
273,2006/11/17,2898.63,-240.954937,-0.08312718 
274,2006/12/17,2657.675063,90.510023,0.03405609 
275,6/13/17,2748.185086,-42.185086,-0.01535016 
276,6/14/17,2706,-263.51975,-0.09738350 
277,6/15/17,2442.48025,22.479564,0.00920358 
278,6/16/17,2464.959814,12.980186,0.00526588 
279,6/17/17,2477.94,29.449252,0.01188457 
280,6/18/17,2507.389252,109.821011,0.04379895 
281,6/19/17,2617.210263,-17.210263,-0.00657580 
282,6/20/17,2600,71.04325,0.02732433 
283,6/21/17,2671.04325,56.244763,0.02105723 
284,6/22/17,2727.288013,-13.808013,-0.00506291 
285,6/23/17,2713.48,-124.315112,-0.04581390 
286,6/24/17,2589.164888,-76.798602,-0.02966153 
287,6/25/17,2512.366286,-10.336286,-0.00411416 
288,6/26/17,2502.03,15.873114,0.00634409 
289,6/27/17,2517.903114,67.446072,0.02678660 
290,6/28/17,2585.349186,-27.049186,-0.01046249 
291,6/29/17,2558.3,-80.658625,-0.03152821 
292,6/30/17,2477.641375,23.549968,0.00950499 
293,2007/1/17,2501.191343,-79.931343,-0.03195731 
294,2007/2/17,2421.26,139.965429,0.05780686 
295,2007/3/17,2561.225429,38.504409,0.01503359 
296,2007/4/17,2599.729838,-0.839838,-0.00032305 
297,2007/5/17,2598.89,11.07775,0.00426249 
298,2007/6/17,2609.96775,-118.766536,-0.04550498 
299,2007/7/17,2491.201214,11.658786,0.00467999 
300,2007/8/17,2502.86,33.378938,0.01333632 
301,2007/9/17,2536.238938,-170.068795,-0.06705551 
302,2007/10/17,2366.170143,-39.080143,-0.01651620 
303,2007/11/17,2327.09,58.658571,0.02520683 
304,2007/12/17,2385.748571,-30.965154,-0.01297922 
305,7/13/17,2354.783417,-16.293417,-0.00691928 
306,7/14/17,2338.49,-279.4944,-0.11951918 
307,7/15/17,2058.9956,-127.7813,-0.06206002 
308,7/16/17,1931.2143,-20.2543,-0.01048786 
309,7/17/17,1910.96,409.16225,0.21411346 
310,7/18/17,2320.12225,-55.35655,-0.02385932 
311,7/19/17,2264.7657,0.4443,0.00019618 
312,7/20/17,2265.21,416.985363,0.18408243 
313,7/21/17,2682.195363,125.414494,0.04675815 
314,7/22/17,2807.609857,17.900143,0.00637558 
315,7/23/17,2825.51,-73.688971,-0.02607988 
316,7/24/17,2751.821029,-190.823112,-0.06934430 
317,7/25/17,2560.997917,3.302083,0.00128937 
318,7/26/17,2564.3,83.325,0.03249425 
319,7/27/17,2647.625,134.011583,0.05061577 
320,7/28/17,2781.636583,3.163417,0.00113725 
321,7/29/17,2784.8,-38.844583,-0.01394879 
322,7/30/17,2745.955417,120.47625,0.04387407 
323,7/31/17,2866.431667,-3.531667,-0.00123208 
324,2008/1/17,2862.9,-169.266017,-0.05912397 
325,2008/2/17,2693.633983,100.483734,0.03730415 
326,2008/3/17,2794.117717,-4.117717,-0.00147371 
327,2008/4/17,2790,428.115017,0.15344624 
328,2008/5/17,3218.115017,34.447516,0.01070425 
329,2008/6/17,3252.562533,-42.362533,-0.01302436 
330,2008/7/17,3210.2,247.174333,0.07699655 
331,2008/8/17,3457.374333,-100.048016,-0.02893757 
332,2008/9/17,3357.326317,-17.046317,-0.00507735 
333,2008/10/17,3340.28,292.226667,0.08748568 
334,2008/11/17,3632.506667,220.296247,0.06064579 
335,2008/12/17,3852.802914,15.717086,0.00407939 
336,8/13/17,3868.52,414.472,0.10713968 
337,8/14/17,4282.992,-65.963671,-0.01540131 
338,8/15/17,4217.028329,-37.058329,-0.00878778 
339,8/16/17,4179.97,148.755717,0.03558775 
340,8/17/17,4328.725717,-198.28565,-0.04580693 
341,8/18/17,4130.440067,-25.730067,-0.00622938 
342,8/19/17,4104.71,53.248033,0.01297242 
343,8/20/17,4157.958033,-114.236033,-0.02747407 
344,8/21/17,4043.722,-57.442,-0.01420523 
345,8/22/17,3986.28,188.67,0.04732984 
346,8/23/17,4174.95,165.366717,0.03960927 
347,8/24/17,4340.316717,-8.546717,-0.00196915 
348,8/25/17,4331.77,28.743317,0.00663547 
349,8/26/17,4360.513317,-6.204984,-0.00142299 
350,8/27/17,4354.308333,-15.258333,-0.00350419 
351,8/28/17,4339.05,268.93545,0.06198026 
352,8/29/17,4607.98545,-12.9976,-0.00282067 
353,8/30/17,4594.98785,-12.46785,-0.00271336 
354,8/31/17,4582.52,329.220017,0.07184257 
355,2009/1/17,4911.740017,-331.352537,-0.06746133 
356,2009/2/17,4580.38748,5.18252,0.00113146 
357,2009/3/17,4585.57,-241.471683,-0.05265903 
358,2009/4/17,4344.098317,144.621823,0.03329156 
359,2009/5/17,4488.72014,-103.70014,-0.02310238 
360,2009/6/17,4385.02,269.6385,0.06149083 
361,2009/7/17,4654.6585,-343.908317,-0.07388476 
362,2009/8/17,4310.750183,1.509817,0.00035024 
363,2009/9/17,4312.26,17.695,0.00410342 
364,2009/10/17,4329.955,-81.864983,-0.01890666 
365,2009/11/17,4248.090017,-49.500017,-0.01165230 
366,2009/12/17,4198.59,-237.318733,-0.05652344 
367,9/13/17,3961.271267,-641.641267,-0.16197862 
368,9/14/17,3319.63,-103.2,-0.03108780 
369,9/15/17,3216.43,547.19604,0.17012528 
370,9/16/17,3763.62604,-17.565257,-0.00466711 
371,9/17/17,3746.060783,-67.530783,-0.01802715 
372,9/18/17,3678.53,264.883333,0.07200793 
373,9/19/17,3943.413333,34.148334,0.00865959 
374,9/20/17,3977.561667,-83.081667,-0.02088759 
375,9/21/17,3894.48,-256.97745,-0.06598505 
376,9/22/17,3637.50255,138.88435,0.03818124 
377,9/23/17,3776.3869,1.2331,0.00032653 
378,9/24/17,3777.62,164.935,0.04366109 
379,9/25/17,3942.555,-32.247617,-0.00817937 
380,9/26/17,3910.307383,-29.307383,-0.00749491 
381,9/27/17,3881,320.98905,0.08270782 
382,9/28/17,4201.98905,-8.414383,-0.00200248 
383,9/29/17,4193.574667,-29.304667,-0.00698799 
384,9/30/17,4164.27,196.452967,0.04717585 
385,2010/1/17,4360.722967,26.160783,0.00599918 
386,2010/2/17,4386.88375,7.18625,0.00163812 
387,2010/3/17,4394.07,-168.895,-0.03843703 
388,2010/4/17,4225.175,113.677,0.02690468 
389,2010/5/17,4338.852,-20.272,-0.00467220 
390,2010/6/17,4318.58,57.611667,0.01334042 
391,2010/7/17,4376.191667,226.089216,0.05166346 
392,2010/8/17,4602.280883,3.379117,0.00073423 
393,2010/9/17,4605.66,176.62,0.03834847 
394,2010/10/17,4782.28,37.205767,0.00777992 
395,2010/11/17,4819.485767,2.684233,0.00055695 
396,2010/12/17,4822.17,741.636567,0.15379727 
397,10/13/17,5563.806567,175.632166,0.03156691 
398,10/14/17,5739.438733,86.551267,0.01508009 
399,10/15/17,5825.99,-114.784133,-0.01970208 
400,10/16/17,5711.205867,-107.492927,-0.01882141 
401,10/17/17,5603.71294,-9.05294,-0.00161553 
402,10/18/17,5594.66,132.9735,0.02376793 
403,10/19/17,5727.6335,251.82634,0.04396691 
404,10/20/17,5979.45984,6.98016,0.00116736 
405,10/21/17,5986.44,-3.25545,-0.00054380 
406,10/22/17,5983.18455,-107.104683,-0.01790095 
407,10/23/17,5876.079867,24.510133,0.00417117 
408,10/24/17,5900.59,-230.967467,-0.03914311 
409,10/25/17,5669.622533,223.515884,0.03942342 
410,10/26/17,5893.138417,-3.318417,-0.00056310 
411,10/27/17,5889.82,-113.12305,-0.01920654 
412,10/28/17,5776.69695,378.73707,0.06556291 
413,10/29/17,6155.43402,-18.94402,-0.00307761 
414,10/30/17,6136.49,252.155167,0.04109111 
415,10/31/17,6388.645167,276.661516,0.04330519 
416,2011/1/17,6665.306683,86.673317,0.01300365 
417,2011/2/17,6751.98,445.74006,0.06601620 
418,2011/3/17,7197.72006,239.823257,0.03331934 
419,2011/4/17,7437.543317,-71.553317,-0.00962056 
420,2011/5/17,7365.99,-376.918333,-0.05117008 
421,2011/6/17,6989.071667,103.055566,0.01474524 
422,2011/7/17,7092.127233,36.512767,0.00514835 
423,2011/8/17,7128.64,29.39706,0.00412380 
424,2011/9/17,7158.03706,-438.63921,-0.06127926 
425,2011/10/17,6719.39785,-150.17785,-0.02234990 
426,2011/11/17,6569.22,-852.918417,-0.12983557 
427,2011/12/17,5716.301583,833.92595,0.14588558 
428,11/13/17,6550.227533,-56.597533,-0.00864054 
429,11/14/17,6493.63,807.79992,0.12439882 
430,11/15/17,7301.42992,513.60078,0.07034249 
431,11/16/17,7815.0307,53.7393,0.00687640 
432,11/17/17,7868.77,-51.629617,-0.00656133 
433,11/18/17,7817.140383,190.513684,0.02437128 
434,11/19/17,8007.654067,42.065933,0.00525322 
435,11/20/17,8049.72,10.08,0.00125222 
436,11/21/17,8059.8,208.235,0.02583625 
437,11/22/17,8268.035,-31.315,-0.00378748 
438,11/23/17,8236.72,14.258333,0.00173107 
439,11/24/17,8250.978333,456.428934,0.05531816 
440,11/25/17,8707.407267,61.392733,0.00705063 
441,11/26/17,8768.8,949.49505,0.10828107 
442,11/27/17,9718.29505,234.21377,0.02410029 
443,11/28/17,9952.50882,-33.50882,-0.00336687 
444,11/29/17,9919,228.372,0.02302369 
445,11/30/17,10147.372,736.54,0.07258431 
446,2012/1/17,10883.912,-4.032,-0.00037046 
447,2012/2/17,10879.88,452.742,0.04161278 
448,2012/3/17,11332.622,252.208,0.02225504 
449,2012/4/17,11584.83,6.39,0.00055158 
450,2012/5/17,11591.22,1949.76,0.16821008 
451,2012/6/17,13540.98,2960.99167,0.21866893 
452,2012/7/17,16501.97167,358.90833,0.02174942 
453,2012/8/17,16860.88,-1718.04585,-0.10189538 
454,2012/9/17,15142.83415,-273.02915,-0.01803025 
455,2012/10/17,14869.805,199.145,0.01339258 
456,2012/11/17,15068.95,2207.44333,0.14648953 
457,2012/12/17,17276.39333,-468.02666,-0.02709053 
458,12/13/17,16808.36667,-556.05667,-0.03308214 
459,12/14/17,16252.31,1519.59,0.09349994 
460,12/15/17,17771.9,1726.78333,0.09716369 
461,12/16/17,19498.68333,-218.78333,-0.01122042 
462,12/17/17,19279.9,-318.04333,-0.01649611 
463,12/18/17,18961.85667,-1224.745,-0.06458993 
464,12/19/17,17737.11167,-354.17167,-0.01996783 
465,12/20/17,17382.94,-1335.43,-0.07682417 
466,12/21/17,16047.51,-856.565,-0.05337682 
467,12/22/17,15190.945,-1414.335,-0.09310382 
468,12/23/17,13776.61,172.565,0.01252594 
469,12/24/17,13949.175,169.85333,0.01217659 
470,12/25/17,14119.02833,-378.08833,-0.02677864 
471,12/26/17,13740.94,1848.38167,0.13451639 
472,12/27/17,15589.32167,-1208.74,-0.07753641 
473,12/28/17,14380.58167,-166.57167,-0.01158310 
474,12/29/17,14214.01,-998.436,-0.07024309 
475,12/30/17,13215.574,950.001,0.07188496 
476,12/31/17,14165.575,-369.575,-0.02608966 
477,2001/1/18,13796,1209.85667,0.08769619 
478,2001/2/18,15005.85667,47.405,0.00315910 
479,2001/3/18,15053.26167,-14.02167,-0.00093147 
480,2001/4/18,15039.24,2134.88,0.14195398 
481,2001/5/18,17174.12,145.078,0.00844748 
482,2001/6/18,17319.198,-163.248,-0.00942584 
483,2001/7/18,17155.95,-1890.04333,-0.11016839 
484,2001/8/18,15265.90667,-551.65334,-0.03613630 
485,2001/9/18,14714.25333,-276.83333,-0.01881396 
486,2001/10/18,14437.42,-1140.626,-0.07900484 
487,2001/11/18,13296.794,616.088,0.04633357 
488,2001/12/18,13912.882,-121.692,-0.00874671 
489,1/13/18,13791.19,61.73,0.00447605 
490,1/14/18,13852.92,159.276,0.01149765 
491,1/15/18,14012.196,-458.056,-0.03268981 
492,1/16/18,13554.14,-2437.19333,-0.17981173 
493,1/17/18,11116.94667,228.47666,0.02055211 
494,1/18/18,11345.42333,-170.60333,-0.01503719 
495,1/19/18,11174.82,1775.97333,0.15892635 
496,1/20/18,12950.79333,-1445.56533,-0.11161983 
497,1/21/18,11505.228,8.192,0.00071202 
498,1/22/18,11513.42,-290.356,-0.02521892 
499,1/23/18,11223.064,59.19433,0.00527435 
500,1/24/18,11282.25833,109.77167,0.00972958 
501,1/25/18,11392.03,-422.215,-0.03706231 
502,1/26/18,10969.815,554.96167,0.05058988 
503,1/27/18,11524.77667,-93.40667,-0.00810486 
504,1/28/18,11431.37,-218.715,-0.01913288 
505,1/29/18,11212.655,-1028.59333,-0.09173504 
506,1/30/18,10184.06167,-101.54167,-0.00997065 
507,1/31/18,10082.52,-999.261667,-0.09910832 
508,2002/1/18,9083.258333,-181.356666,-0.01996604 
509,2002/2/18,8901.901667,-49.171667,-0.00552373 
510,2002/3/18,8852.73,-452.081667,-0.05106692 
511,2002/4/18,8400.648333,-1561.831666,-0.18591799 
512,2002/5/18,6838.816667,86.643333,0.01266935 
513,2002/6/18,6925.46,1174.498333,0.16959138 
514,2002/7/18,8099.958333,140.578334,0.01735544 
515,2002/8/18,8240.536667,4.543333,0.00055134 
516,2002/9/18,8245.08,74.796566,0.00907166 
517,2002/10/18,8319.876566,23.578434,0.00283399 
518,2002/11/18,8343.455,-275.435,-0.03301210 
519,2002/12/18,8068.02,529.7475,0.06566016 
520,2/13/18,8597.7675,736.865833,0.08570432 
521,2/14/18,9334.633333,137.006667,0.01467724 
522,2/15/18,9471.64,655.52167,0.06920889 
523,2/16/18,10127.16167,714.83,0.07058542 
524,2/17/18,10841.99167,243.83833,0.02249018 
525,2/18/18,11085.83,25.135,0.00226731 
526,2/19/18,11110.965,279.42667,0.02514873 
527,2/20/18,11390.39167,-144.41167,-0.01267838 
528,2/21/18,11245.98,-1314.908333,-0.11692252 
529,2/22/18,9931.071667,231.045003,0.02326486 
530,2/23/18,10162.11667,9.18333,0.00090368 
531,2/24/18,10171.3,-474.706667,-0.04667119 
532,2/25/18,9696.593333,652.009997,0.06724114 
533,2/26/18,10348.60333,-29.14333,-0.00281616 
534,2/27/18,10319.46,50.705,0.00491353 
535,2/28/18,10370.165,639.21667,0.06163997 
536,2003/1/18,11009.38167,-78.26167,-0.00710863 
537,2003/2/18,10931.12,395.82833,0.03621114 
538,2003/3/18,11326.94833,103.23334,0.00911396 
539,2003/4/18,11430.18167,86.64833,0.00758066 
540,2003/5/18,11516.83,-753.63167,-0.06543742 
541,2003/6/18,10763.19833,-645.14033,-0.05993946 
542,2003/7/18,10118.058,-197.598,-0.01952924 
543,2003/8/18,9920.46,-831.181667,-0.08378459 
544,2003/9/18,9089.278333,-343.276333,-0.03776717 
545,2003/10/18,8746.002,31.368,0.00358655 
546,2003/11/18,8777.37,405.473333,0.04619531 
547,2003/12/18,9182.843333,-28.143333,-0.00306477 
548,3/13/18,9154.7,-1.16,-0.00012671 
549,3/14/18,9153.54,-795.418333,-0.08689735 
550,3/15/18,8358.121667,172.280333,0.02061233 
551,3/16/18,8530.402,-232.512,-0.02725686 
552,3/17/18,8297.89,-126.475,-0.01524183 
553,3/18/18,8171.415,240.618333,0.02944635 
554,3/19/18,8412.033333,193.606667,0.02301544 
555,3/20/18,8605.64,342.113333,0.03975455 
556,3/21/18,8947.753333,-257.345,-0.02876085 
557,3/22/18,8690.408333,34.961667,0.00402302 
558,3/23/18,8725.37,-62.991667,-0.00721937 
559,3/24/18,8662.378333,-45.081666,-0.00520431 
560,3/25/18,8617.296667,-159.336667,-0.01849033 
561,3/26/18,8457.96,-581.765,-0.06878313 
562,3/27/18,7876.195,84.185,0.01068854 
563,3/28/18,7960.38,-9.77,-0.00122733 
564,3/29/18,7950.61,-1068.078333,-0.13433917 
565,3/30/18,6882.531667,52.948333,0.00769315 
566,3/31/18,6935.48,2.08,0.00029991 
567,2004/1/18,6937.56,98.288333,0.01416757 
568,2004/2/18,7035.848333,374.586667,0.05323973 
569,2004/3/18,7410.435,16.045,0.00216519 
570,2004/4/18,7426.48,-599.97,-0.08078794 
571,2004/5/18,6826.51,-222.633333,-0.03261305 
572,2004/6/18,6603.876667,30.803333,0.00466443 
573,2004/7/18,6634.68,382.976667,0.05772346 
574,2004/8/18,7017.656667,-318.383334,-0.04536890 
575,2004/9/18,6699.273333,85.136667,0.01270834 
576,2004/10/18,6784.41,141.856667,0.02090921 
577,2004/11/18,6926.266667,921.578333,0.13305557 
578,2004/12/18,7847.845,93.615,0.01192875 
579,4/13/18,7941.46,95.051051,0.01196896 
580,4/14/18,8036.511051,304.237282,0.03785689 
581,4/15/18,8340.748333,27.351667,0.00327928 
582,4/16/18,8368.1,-472.683074,-0.05648631 
583,4/17/18,7895.416926,269.5205,0.03413632 
584,4/18/18,8164.937426,11.022574,0.00134999 
585,4/19/18,8175.96,676.758333,0.08277417 
586,4/20/18,8852.718333,-45.513333,-0.00514117 
587,4/21/18,8807.205,123.395,0.01401069 
588,4/22/18,8930.6,3.261667,0.00036522 
589,4/23/18,8933.861667,621.680333,0.06958697 
590,4/24/18,9555.542,102.568,0.01073388 
591,4/25/18,9658.11,-399.711667,-0.04138612 
592,4/26/18,9258.398333,-248.078333,-0.02679495 
593,4/27/18,9010.32,-81.77,-0.00907515 
594,4/28/18,8928.55,405.731667,0.04544206 
595,4/29/18,9334.281667,-74.711667,-0.00800401 
596,4/30/18,9259.57,-20.02,-0.00216209 
597,2005/1/18,9239.55,-18.124,-0.00196157 
598,2005/2/18,9221.426,417.842333,0.04531212 
599,2005/3/18,9639.268333,114.081667,0.01183510 
600,2005/4/18,9753.35,49.956667,0.00512200 
601,2005/5/18,9803.306667,-173.17039,-0.01766449 
602,2005/6/18,9630.136277,1.303723,0.00013538 
603,2005/7/18,9631.44,-402.831667,-0.04182466 
604,2005/8/18,9228.608333,93.433334,0.01012431 
605,2005/9/18,9322.041667,-11.671667,-0.00125205 
606,2005/10/18,9310.37,-841.582,-0.09039190 
607,2005/11/18,8468.788,15.558667,0.00183718 
608,2005/12/18,8484.346667,-20.826667,-0.00245472 
609,5/13/18,8463.52,188.518333,0.02227422 
610,5/14/18,8652.038333,-140.580333,-0.01624823 
611,5/15/18,8511.458,-40.398,-0.00474631 
612,5/16/18,8471.06,-364.941667,-0.04308099 
613,5/17/18,8106.118333,133.936667,0.01652291 
614,5/18/18,8240.055,-0.975,-0.00011832 
615,5/19/18,8239.08,268.326667,0.03256755 
616,5/20/18,8507.406667,-121.85048,-0.01432287 
617,5/21/18,8385.556187,11.073813,0.00132058 
618,5/22/18,8396.63,-840.89,-0.10014613 
619,5/23/18,7555.74,10.453333,0.00138350 
620,5/24/18,7566.193333,10.586667,0.00139921 
621,5/25/18,7576.78,-233.871667,-0.03086689 
622,5/26/18,7342.908333,18.923334,0.00257709 
623,5/27/18,7361.831667,-17.271667,-0.00234611 
624,5/28/18,7344.56,115.316667,0.01570096 
625,5/29/18,7459.876667,-74.481667,-0.00998430 
626,5/30/18,7385.395,1.325,0.00017941 
627,5/31/18,7386.72,148.426667,0.02009372 
628,2006/1/18,7535.146667,110,0.01459826 
629,2006/2/18,7645.146667,-8.006667,-0.00104729 
630,2006/3/18,7637.14,-136.866667,-0.01792119 
631,2006/4/18,7500.273333,115.448809,0.01539261 
632,2006/5/18,7615.722142,3.707858,0.00048687 
633,2006/6/18,7619.43,56.841667,0.00746009 
634,2006/7/18,7676.271667,-56.118334,-0.00731062 
635,2006/8/18,7620.153333,-4.613333,-0.00060541 
636,2006/9/18,7615.54,-838.651667,-0.11012373 
637,2006/10/18,6776.888333,98.79,0.01457749 
638,2006/11/18,6875.678333,3.631667,0.00052819 
639,2006/12/18,6879.31,-563.61,-0.08192827 
640,6/13/18,6315.7,331.313333,0.05245869 
641,6/14/18,6647.013333,-9.603333,-0.00144476 
642,6/15/18,6637.41,-127.983333,-0.01928212 
643,6/16/18,6509.426667,-45.015,-0.00691536 
644,6/17/18,6464.411667,-18.621667,-0.00288064 
645,6/18/18,6445.79,291.21,0.04517833 
646,6/19/18,6737,-22.281667,-0.00330736 
647,6/20/18,6714.718333,46.111667,0.00686725 
648,6/21/18,6760.83,-428.256667,-0.06334380 
649,6/22/18,6332.573333,-190.9675,-0.03015638 
650,6/23/18,6141.605833,28.854167,0.00469815 
651,6/24/18,6170.46,40.9875,0.00664254 
652,6/25/18,6211.4475,7.1475,0.00115070 
653,6/26/18,6218.595,-121.135,-0.01947948 
654,6/27/18,6097.46,10.436154,0.00171156 
655,6/28/18,6107.896154,-199.193654,-0.03261248 
656,6/29/18,5908.7025,314.5775,0.05323969 
657,6/30/18,6223.28,151.474167,0.02433992 
658,2007/1/18,6374.754167,91.315,0.01432447 
659,2007/2/18,6466.069167,160.370833,0.02480190 
660,2007/3/18,6626.44,-33.150833,-0.00500281 
661,2007/4/18,6593.289167,10.0875,0.00152996 
662,2007/5/18,6603.376667,-47.866667,-0.00724882 
663,2007/6/18,6555.51,38.771667,0.00591436 
664,2007/7/18,6594.281667,159.2775,0.02415388 
665,2007/8/18,6753.559167,-29.519167,-0.00437091 
666,2007/9/18,6724.04,-213.248333,-0.03171432 
667,2007/10/18,6510.791667,-133.428334,-0.02049341 
668,2007/11/18,6377.363333,25.816667,0.00404817 
669,2007/12/18,6403.18,-158.8225,-0.02480369 
670,7/13/18,6244.3575,-3.3575,-0.00053769 
671,7/14/18,6241,7.84,0.00125621 
672,7/15/18,6248.84,265.550833,0.04249602 
673,7/16/18,6514.390833,355.52,0.05457456 
674,7/17/18,6869.910833,451.709167,0.06575182 
675,7/18/18,7321.62,74.781667,0.01021381 
676,7/19/18,7396.401667,31.643333,0.00427821 
677,7/20/18,7428.045,-93.055,-0.01252752 
678,7/21/18,7334.99,116.299167,0.01585540 
679,7/22/18,7451.289167,238.595,0.03202063 
680,7/23/18,7689.884167,25.215833,0.00327909 
681,7/24/18,7715.1,536.065,0.06948257 
682,7/25/18,8251.165,-63.840833,-0.00773719 
683,7/26/18,8187.324167,-247.514167,-0.03023139 
684,7/27/18,7939.81,242.441667,0.03053495 
685,7/28/18,8182.251667,24.09,0.00294418 
686,7/29/18,8206.341667,14.568333,0.00177525 
687,7/30/18,8220.91,-304.109167,-0.03699215 
688,7/31/18,7916.800833,-345.931666,-0.04369589 
689,2008/1/18,7570.869167,36.830833,0.00486481 
690,2008/2/18,7607.7,-213.200833,-0.02802435 
691,2008/3/18,7394.499167,-146.73,-0.01984313 
692,2008/4/18,7247.769167,-236.489167,-0.03262924 
693,2008/5/18,7011.28,-23.200833,-0.00330907 
694,2008/6/18,6988.079167,5.434166,0.00077763 
695,2008/7/18,6993.513333,-275.283333,-0.03936267 
696,2008/8/18,6718.23,-321.4575,-0.04784854 
697,2008/9/18,6396.7725,-0.277833,-0.00004343 
698,2008/10/18,6396.494667,-257.534667,-0.04026184 
699,2008/11/18,6138.96,172.171667,0.02804574 
700,2008/12/18,6311.131667,35.938333,0.00569444 
701,8/13/18,6347.07,-94.94,-0.01495808 
702,8/14/18,6252.13,110.546923,0.01768148 
703,8/15/18,6362.676923,-20.047692,-0.00315083 
704,8/16/18,6342.629231,-29.879231,-0.00471086 
705,8/17/18,6312.75,123.970833,0.01963817 
706,8/18/18,6436.720833,-32.6575,-0.00507362 
707,8/19/18,6404.063333,82.516667,0.01288505 
708,8/20/18,6486.58,-85.333846,-0.01315544 
709,8/21/18,6401.246154,173.983013,0.02717955 
710,8/22/18,6575.229167,-220.659167,-0.03355916 
711,8/23/18,6354.57,189.075714,0.02975429 
712,8/24/18,6543.645714,175.783517,0.02686324 
713,8/25/18,6719.429231,18.840769,0.00280392 
714,8/26/18,6738.27,-19.003846,-0.00282029 
715,8/27/18,6719.266154,280.773846,0.04178639 
716,8/28/18,7000.04,78.15,0.01116422 
717,8/29/18,7078.19,-145.5275,-0.02055999 
718,8/30/18,6932.6625,49.283654,0.00710891 
719,8/31/18,6981.946154,36.833846,0.00527558 
720,2009/1/18,7018.78,229.155385,0.03264889 
721,2009/2/18,7247.935385,13.013846,0.00179552 
722,2009/3/18,7260.949231,4.130769,0.00056890 
723,2009/4/18,7265.08,-152.010769,-0.02092348 
724,2009/5/18,7113.069231,-679.797564,-0.09557022 
725,2009/6/18,6433.271667,67.918333,0.01055736 
726,2009/7/18,6501.19,-135.0825,-0.02077812 
727,2009/8/18,6366.1075,-79.681667,-0.01251654 
728,2009/9/18,6286.425833,-45.445833,-0.00722920 
729,2009/10/18,6240.98,55.340833,0.00886733 
730,2009/11/18,6296.320833,-23.183333,-0.00368204 
731,2009/12/18,6273.1375,52.9025,0.00843318 
732,9/13/18,6326.04,173.0225,0.02735084 
733,9/14/18,6499.0625,19.5925,0.00301467 
734,9/15/18,6518.655,3.735,0.00057297 
735,9/16/18,6522.39,-121.789167,-0.01867248 
736,9/17/18,6400.600833,-103.969166,-0.01624366 
737,9/18/18,6296.631667,45.758333,0.00726711 
738,9/19/18,6342.39,76.172667,0.01201009 
739,9/20/18,6418.562667,251.428166,0.03917204 
740,9/21/18,6669.990833,86.129167,0.01291294 
741,9/22/18,6756.12,-45.675,-0.00676054 
742,9/23/18,6710.445,-71.140833,-0.01060151 
743,9/24/18,6639.304167,-55.854167,-0.00841265 
744,9/25/18,6583.45,-114.818333,-0.01744045 
745,9/26/18,6468.631667,66.845,0.01033372 
746,9/27/18,6535.476667,150.603333,0.02304397 
747,9/28/18,6686.08,-135.605833,-0.02028181 
748,9/29/18,6550.474167,42.660833,0.00651263 
749,9/30/18,6593.135,17.885,0.00271267 
750,2010/1/18,6611.02,-48.378333,-0.00731783 
751,2010/2/18,6562.641667,-92.239167,-0.01405519 
752,2010/3/18,6470.4025,13.3275,0.00205976 
753,2010/4/18,6483.73,84.819167,0.01308185 
754,2010/5/18,6568.549167,12.9375,0.00196961 
755,2010/6/18,6581.486667,-7.866667,-0.00119527 
756,2010/7/18,6573.62,44.947692,0.00683759 
757,2010/8/18,6618.567692,3.143975,0.00047502 
758,2010/9/18,6621.711667,5.138333,0.00077598 
759,2010/10/18,6626.85,-378.214167,-0.05707299 
760,2010/11/18,6248.635833,11.895,0.00190362 
761,2010/12/18,6260.530833,-13.530833,-0.00216129 
762,10/13/18,6247,52.399167,0.00838789 
763,10/14/18,6299.399167,153.1725,0.02431541 
764,10/15/18,6452.571667,146.598333,0.02271937 
765,10/16/18,6599.17,-2.893846,-0.00043852 
766,10/17/18,6596.276154,-28.235385,-0.00428050 
767,10/18/18,6568.040769,-58.430769,-0.00889623 
768,10/19/18,6509.61,-20.784167,-0.00319284 
769,10/20/18,6488.825833,42.775834,0.00659223 
770,10/21/18,6531.601667,-26.821667,-0.00410645 
771,10/22/18,6504.78,-23.354,-0.00359028 
772,10/23/18,6481.426,26.884,0.00414785 
773,10/24/18,6508.31,-18.54,-0.00284867 
774,10/25/18,6489.77,-16.016667,-0.00246799 
775,10/26/18,6473.753333,-7.835833,-0.00121040 
776,10/27/18,6465.9175,-8.7075,-0.00134668 
777,10/28/18,6457.21,-74.541667,-0.01154394 
778,10/29/18,6382.668333,-73.215476,-0.01147098 
779,10/30/18,6309.452857,-7.842857,-0.00124303 
780,10/31/18,6301.61,40.670833,0.00645404 
781,2011/1/18,6342.280833,45.393334,0.00715726 
782,2011/2/18,6387.674167,2.745833,0.00042986 
783,2011/3/18,6390.42,1.453333,0.00022742 
784,2011/4/18,6391.873333,45.091667,0.00705453 
785,2011/5/18,6436.965,0.795,0.00012351 
786,2011/6/18,6437.76,101.03,0.01569335 
787,2011/7/18,6538.79,-52.538333,-0.00803487 
788,2011/8/18,6486.251667,-41.281667,-0.00636449 
789,2011/9/18,6444.97,-45.936667,-0.00712752 
790,2011/10/18,6399.033333,-20.765,-0.00324502 
791,2011/11/18,6378.268333,30.261667,0.00474450 
792,2011/12/18,6408.53,-36.466667,-0.00569033 
793,11/13/18,6372.063333,-195.908333,-0.03074488 
794,11/14/18,6176.155,-419.385,-0.06790390 
795,11/15/18,5756.77,-160.5775,-0.02789368 
796,11/16/18,5596.1925,-37.949167,-0.00678125 
797,11/17/18,5558.243333,14.196667,0.00255416 
798,11/18/18,5572.44,-268.4975,-0.04818311 
799,11/19/18,5303.9425,-631.9725,-0.11915146 
800,11/20/18,4671.97,-179.99,-0.03852550 
801,11/21/18,4491.98,56.8175,0.01264865 
802,11/22/18,4548.7975,-239.46,-0.05264248 
803,11/23/18,4309.3375,43.6425,0.01012743 
804,11/24/18,4352.98,-529.468333,-0.12163353 
805,11/25/18,3823.511667,97.025,0.02537589 
806,11/26/18,3920.536667,-127.186667,-0.03244114 
807,11/27/18,3793.35,310.103846,0.08174934 
808,11/28/18,4103.453846,160.329487,0.03907184 
809,11/29/18,4263.783333,14.986667,0.00351488 
810,11/30/18,4278.77,-161.9925,-0.03785960 
811,2012/1/18,4116.7775,50.769167,0.01233226 
812,2012/2/18,4167.546667,-26.946667,-0.00646583 
813,2012/3/18,4140.6,-179.106667,-0.04325621 
814,2012/4/18,3961.493333,-103.144166,-0.02603669 
815,2012/5/18,3858.349167,-113.369167,-0.02938282 
816,2012/6/18,3744.98,-339.336667,-0.09061108 
817,2012/7/18,3405.643333,29.696667,0.00871984 
818,2012/8/18,3435.34,18.32,0.00533281 
819,2012/9/18,3453.66,70.3,0.02035522 
820,2012/10/18,3523.96,-97.77,-0.02774436 
821,2012/11/18,3426.19,-18.91,-0.00551925 
822,2012/12/18,3407.28,-0.5175,-0.00015188 
823,12/13/18,3406.7625,-128.388333,-0.03768632 
824,12/14/18,3278.374167,-35.954167,-0.01096707 
825,12/15/18,3242.42,28.818333,0.00888791 
826,12/16/18,3271.238333,121.166667,0.03704000 
827,12/17/18,3392.405,164.135,0.04838308 
828,12/18/18,3556.54,251.5025,0.07071550 
829,12/19/18,3808.0425,174.808333,0.04590504 
830,12/20/18,3982.850833,152.339167,0.03824878 
831,12/21/18,4135.19,-224.216667,-0.05422161 
832,12/22/18,3910.973333,116.505,0.02978926 
833,12/23/18,4027.478333,-32.308333,-0.00802198 
834,12/24/18,3995.17,-181.29,-0.04537729 
835,12/25/18,3813.88,11.499167,0.00301508 
836,12/26/18,3825.379167,22.830833,0.00596825 
837,12/27/18,3848.21,-104.305,-0.02710481 
838,12/28/18,3743.905,168.380833,0.04497465 
839,12/29/18,3912.285833,-141.925833,-0.03627696 
840,12/30/18,3770.36,21.185833,0.00561905 
841,12/31/18,3791.545833,-39.274166,-0.01035835 
842,2001/1/19,3752.271667,103.608333,0.02761216 
843,2001/2/19,3855.88,9.9175,0.00257205 
844,2001/3/19,3865.7975,-43.170833,-0.01116738 
845,2001/4/19,3822.626667,33.993333,0.00889266 
846,2001/5/19,3856.62,63.836667,0.01655249 
847,2001/6/19,3920.456667,115.636666,0.02949571 
848,2001/7/19,4036.093333,-3.843333,-0.00095224 
849,2001/8/19,4032.25,1.888333,0.00046831 
850,2001/9/19,4034.138333,-221.5525,-0.05491941 
851,2001/10/19,3812.585833,-166.335833,-0.04362809 
852,2001/11/19,3646.25,0.095833,0.00002628 
853,2001/12/19,3646.345833,-46.504166,-0.01275364 
854,1/13/19,3599.841667,-67.881667,-0.01885685 
855,1/14/19,3531.96,124.825,0.03534157 
856,1/15/19,3656.785,-35.514167,-0.00971186 
857,1/16/19,3621.270833,0.159167,0.00004395 
858,1/17/19,3621.43,10.965,0.00302781 
859,1/18/19,3632.395,58.128333,0.01600276 
860,1/19/19,3690.523333,13.456667,0.00364628 
861,1/20/19,3703.98,-155.5525,-0.04199604 
862,1/21/19,3548.4275,-8.4075,-0.00236936 
863,1/22/19,3540.02,47.33,0.01336998 
864,1/23/19,3587.35,-20.95,-0.00583997 
865,1/24/19,3566.4,19.85,0.00556584 
866,1/25/19,3586.25,-8.46,-0.00235901 
867,1/26/19,3577.79,-1.49,-0.00041646 
868,1/27/19,3576.3,-21.8,-0.00609569 
869,1/28/19,3554.5,-105.92,-0.02979885 
870,1/29/19,3448.58,-26.98,-0.00782351 
871,1/30/19,3421.6,48.4,0.01414543 
872,1/31/19,3470,-25.19,-0.00725937 
873,2002/1/19,3444.81,30.52,0.00885970 
874,2002/2/19,3475.33,30.89,0.00888836 
875,2002/3/19,3506.22,-50.2,-0.01431741 
876,2002/4/19,3456.02,-3.67,-0.00106192 
877,2002/5/19,3452.35,14.99,0.00434197 
878,2002/6/19,3467.34,-61.64,-0.01777732 
879,2002/7/19,3405.7,-10.94,-0.00321226 
880,2002/8/19,3394.76,266.32,0.07845032 
881,2002/9/19,3661.08,3.3,0.00090137 
882,2002/10/19,3664.38,21.91,0.00597918 
883,2002/11/19,3686.29,-56.82,-0.01541387 
884,2002/12/19,3629.47,2.95,0.00081279 
885,2/13/19,3632.42,-17.92,-0.00493335 
886,2/14/19,3614.5,-14.19,-0.00392585 
887,2/15/19,3600.31,7.89,0.00219148 
888,2/16/19,3608.2,11.35,0.00314561 
889,2/17/19,3619.55,51.19,0.01414264 
890,2/18/19,3670.74,240.06,0.06539826 
891,2/19/19,3910.8,15.73,0.00402219 
892,2/20/19,3926.53,60.65,0.01544621 
893,2/21/19,3987.18,-42.3,-0.01060900 
894,2/22/19,3944.88,38.6,0.00978484 
895,2/23/19,3983.48,156.12,0.03919186 
896,2/24/19,4139.6,-372.71,-0.09003527 
897,2/25/19,3766.89,81.44,0.02161996 
898,2/26/19,3848.33,-16.88,-0.00438632 
899,2/27/19,3831.45,1.78,0.00046458 
900,2/28/19,3833.23,16.85,0.00439577 
901,2003/1/19,3850.08,-15.46,-0.00401550 
902,2003/2/19,3834.62,-3.18,-0.00082929 
903,2003/3/19,3831.44,-16.86,-0.00440043 
904,2003/4/19,3814.58,-83.6,-0.02191591 
905,2003/5/19,3730.98,141.27,0.03786405 
906,2003/6/19,3872.25,4.6,0.00118794 
907,2003/7/19,3876.85,9.97,0.00257168 
908,2003/8/19,3886.82,-10.86,-0.00279406 
909,2003/9/19,3875.96,74.6,0.01924684 
910,2003/10/19,3950.56,-22.39,-0.00566755 
911,2003/11/19,3928.17,-47.08,-0.01198522 
912,2003/12/19,3881.09,11.42,0.00294247 
913,3/13/19,3892.51,-14.74,-0.00378676 
914,3/14/19,3877.77,7.44,0.00191863 
915,3/15/19,3885.21,51.29,0.01320135 
916,3/16/19,3936.5,79.45,0.02018290 
917,3/17/19,4015.95,-21.03,-0.00523662 
918,3/18/19,3994.92,3.85,0.00096372 
919,3/19/19,3998.77,30.34,0.00758733 
920,3/20/19,4029.11,27.29,0.00677321 
921,3/21/19,4056.4,-64.06,-0.01579233 
922,3/22/19,3992.34,6.72,0.00168322 
923,3/23/19,3999.06,12.86,0.00321576 
924,3/24/19,4011.92,-17.81,-0.00443927 
925,3/25/19,3994.11,-58.22,-0.01457646 
926,3/26/19,3935.89,11.85,0.00301075 
927,3/27/19,3947.74,100.77,0.02552600 
928,3/28/19,4048.51,-11.14,-0.00275163 
929,3/29/19,4037.37,78.18,0.01936409 
930,3/30/19,4115.55,-1.11,-0.00026971 
931,3/31/19,4114.44,-0.28,-0.00006805 
932,2004/1/19,4114.16,38.37,0.00932633 
933,2004/2/19,4152.53,730.35,0.17588073 
934,2004/3/19,4882.88,76.93,0.01575505 
935,2004/4/19,4959.81,-48.57,-0.00979271 
936,2004/5/19,4911.24,117.53,0.02393082 
937,2004/6/19,5028.77,24.75,0.00492168 
938,2004/7/19,5053.52,135.87,0.02688621 
939,2004/8/19,5189.39,79.32,0.01528503 
940,2004/9/19,5268.71,-92.9,-0.01763240 
941,2004/10/19,5175.81,134.37,0.02596115 
942,2004/11/19,5310.18,-275.16,-0.05181745 
943,2004/12/19,5035.02,37.83,0.00751338 
944,4/13/19,5072.85,-8.23,-0.00162236 
945,4/14/19,5064.62,87.89,0.01735372 
946,4/15/19,5152.51,-116.33,-0.02257735 
947,4/16/19,5036.18,160.47,0.03186344 
948,4/17/19,5196.65,23.72,0.00456448 
949,4/18/19,5220.37,55.94,0.01071572 
950,4/19/19,5276.31,0.73,0.00013835 
951,4/20/19,5277.04,32.24,0.00610949 
952,4/21/19,5309.28,-27.45,-0.00517019 
953,4/22/19,5281.83,95.36,0.01805435 
954,4/23/19,5377.19,140.97,0.02621630 
955,4/24/19,5518.16,-83.97,-0.01521703 
956,4/25/19,5434.19,-238.58,-0.04390351 
957,4/26/19,5195.61,97.22,0.01871195 
958,4/27/19,5292.83,-12.64,-0.00238814 
959,4/28/19,5280.19,21.1,0.00399607 
960,4/29/19,5301.29,-40.64,-0.00766606 
961,4/30/19,5260.65,9.14,0.00173743 
962,2005/1/19,5269.79,56.88,0.01079360 
963,2005/2/19,5326.67,63.49,0.01191927 
964,2005/3/19,5390.16,266.98,0.04953100 
965,2005/4/19,5657.14,113.94,0.02014092 
966,2005/5/19,5771.08,-53.42,-0.00925650 
967,2005/6/19,5717.66,-33.19,-0.00580482 
968,2005/7/19,5684.47,71.25,0.01253415 
969,2005/8/19,5755.72,181,0.03144698 
970,2005/9/19,5936.72,210.19,0.03540507 
971,2005/10/19,6146.91,201.11,0.03271725 
972,2005/11/19,6348.02,900.29,0.14182217 
973,2005/12/19,7248.31,-269.68,-0.03720591 
974,5/13/19,6978.63,844.48,0.12100942 
975,5/14/19,7823.11,169.58,0.02167680 
976,5/15/19,7992.69,214.21,0.02680074 
977,5/16/19,8206.9,-320.94,-0.03910612 
978,5/17/19,7885.96,-523.74,-0.06641423 
979,5/18/19,7362.22,-97.17,-0.01319846 
980,5/19/19,7265.05,928.65,0.12782431 
981,5/20/19,8193.7,-186.67,-0.02278214 
982,5/21/19,8007.03,-54.53,-0.00681027 
983,5/22/19,7952.5,-326.57,-0.04106507 
984,5/23/19,7625.93,254.36,0.03335462 
985,5/24/19,7880.29,122.97,0.01560476 
986,5/25/19,8003.26,68.19,0.00852028 
987,5/26/19,8071.45,672.97,0.08337659 
988,5/27/19,8744.42,25.64,0.00293216 
989,5/28/19,8770.06,-50.18,-0.00572174 
990,5/29/19,8719.88,-56.9,-0.00652532 
991,5/30/19,8662.98,-390.52,-0.04507918 
992,5/31/19,8272.46,281.35,0.03401044 
993,2006/1/19,8553.81,0.99,0.00011574 
994,2006/2/19,8554.8,184.23,0.02153528 
995,2006/3/19,8739.03,-604.11,-0.06912781 
996,2006/4/19,8134.92,-459.12,-0.05643817 
997,2006/5/19,7675.8,110.24,0.01436202 
998,2006/6/19,7786.04,17.19,0.00220780 
999,2006/7/19,7803.23,195.06,0.02499734 
1000,2006/8/19,7998.29,-66.95,-0.00837054 
1001,2006/9/19,7931.34,-290.73,-0.03665585 
1002,2006/10/19,7640.61,379.77,0.04970415 
1003,2006/11/19,8020.38,-102.8,-0.01281735 
1004,2006/12/19,7917.58,255.48,0.03226744 
1005,6/13/19,8173.06,64.82,0.00793093 
1006,6/14/19,8237.88,455.72,0.05532006 
1007,6/15/19,8693.6,165.87,0.01907955 
1008,6/16/19,8859.47,119.52,0.01349065 
1009,6/17/19,8978.99,348.49,0.03881171 
1010,6/18/19,9327.48,-251.3,-0.02694190 
1011,6/19/19,9076.18,205.52,0.02264389 
1012,6/20/19,9281.7,249.65,0.02689701 
1013,6/21/19,9531.35,678.03,0.07113683 
1014,6/22/19,10209.38,459.25,0.04498314 
1015,6/23/19,10668.63,145.85,0.01367092 
1016,6/24/19,10814.48,203.02,0.01877298 
1017,6/25/19,11017.5,748.9,0.06797368 
1018,6/26/19,11766.4,1166.15,0.09910848 
1019,6/27/19,12932.55,-1799.7,-0.13916049 
1020,6/28/19,11132.85,1241.5,0.11151682 
1021,6/29/19,12374.35,-483.97,-0.03911074 
1022,6/30/19,11890.38,-1152.65,-0.09693971 
1023,2007/1/19,10737.73,-159.01,-0.01480853 
1024,2007/2/19,10578.72,226.68,0.02142792 
1025,2007/3/19,10805.4,1179.36,0.10914543 
1026,2007/4/19,11984.76,-824.27,-0.06877651 
1027,2007/5/19,11160.49,-205.33,-0.01839794 
1028,2007/6/19,10955.16,276.88,0.02527393 
1029,2007/7/19,11232.04,244.97,0.02180993 
1030,2007/8/19,11477.01,836.07,0.07284737 
1031,2007/9/19,12313.08,273.7,0.02222839 
1032,2007/10/19,12586.78,-486.88,-0.03868186 
1033,2007/11/19,12099.9,-747.03,-0.06173853 
1034,2007/12/19,11352.87,451.1,0.03973445 
1035,7/13/19,11803.97,-414.87,-0.03514665 
1036,7/14/19,11389.1,-1202.14,-0.10555180 
1037,7/15/19,10186.96,686.54,0.06739400 
1038,7/16/19,10873.5,-1475.78,-0.13572263 
1039,7/17/19,9397.72,276.56,0.02942841 
1040,7/18/19,9674.28,964.28,0.09967460 
1041,7/19/19,10638.56,-102.81,-0.00966390 
1042,7/20/19,10535.75,229.15,0.02174976 
1043,7/21/19,10764.9,-177.49,-0.01648784 
1044,7/22/19,10587.41,-263.79,-0.02491544 
1045,7/23/19,10323.62,-479.32,-0.04642945 
1046,7/24/19,9844.3,-72.13,-0.00732708 
1047,7/25/19,9772.17,103,0.01054014 
1048,7/26/19,9875.17,-26.52,-0.00268552 
1049,7/27/19,9848.65,-374.66,-0.03804176 
1050,7/28/19,9473.99,56.01,0.00591198 
1051,7/29/19,9530,-28.67,-0.00300839 
1052,7/30/19,9501.33,87.8,0.00924081 
1053,7/31/19,9589.13,495.57,0.05168039 
1054,2008/1/19,10084.7,322.47,0.03197616 
1055,2008/2/19,10407.17,122.38,0.01175920 
1056,2008/3/19,10529.55,285.02,0.02706858 
1057,2008/4/19,10814.57,165.66,0.01531822 
1058,2008/5/19,10980.23,807.76,0.07356494 
1059,2008/6/19,11787.99,-322.32,-0.02734308 
1060,2008/7/19,11465.67,495.15,0.04318544 
1061,2008/8/19,11960.82,35.59,0.00297555 
1062,2008/9/19,11996.41,-139.77,-0.01165099 
1063,2008/10/19,11856.64,-574.42,-0.04844711 
1064,2008/11/19,11282.22,284.62,0.02522730 
1065,2008/12/19,11566.84,-180.58,-0.01561187 
1066,8/13/19,11386.26,-528.14,-0.04638398 
1067,8/14/19,10858.12,-841.16,-0.07746829 
1068,8/15/19,10016.96,285.21,0.02847271 
1069,8/16/19,10302.17,57.27,0.00555902 
1070,8/17/19,10359.44,-144.92,-0.01398917 
1071,8/18/19,10214.52,103.08,0.01009152 
1072,8/19/19,10317.6,599.66,0.05812011 
1073,8/20/19,10917.26,-156.7,-0.01435342 
1074,8/21/19,10760.56,-631.16,-0.05865494 
1075,8/22/19,10129.4,-17.42,-0.00171975 
1076,8/23/19,10111.98,293.83,0.02905761 
1077,8/24/19,10405.81,-262.01,-0.02517920 
1078,8/25/19,10143.8,-8.74,-0.00086161 
1079,8/26/19,10135.06,225.22,0.02222187 
1080,8/27/19,10360.28,-188.33,-0.01817808 
1081,8/28/19,10171.95,-454.13,-0.04464532 
1082,8/29/19,9717.82,-233.27,-0.02400435 
1083,8/30/19,9484.55,93.44,0.00985181 
1084,8/31/19,9577.99,22.91,0.00239194 
1085,2009/1/19,9600.9,168.89,0.01759106 
1086,2009/2/19,9769.79,616.85,0.06313851 
1087,2009/3/19,10386.64,234.65,0.02259152 
1088,2009/4/19,10621.29,-37.13,-0.00349581 
1089,2009/5/19,10584.16,-6.36,-0.00060090 
1090,2009/6/19,10577.8,-260.33,-0.02461098 
1091,2009/7/19,10317.47,169.74,0.01645171 
1092,2009/8/19,10487.21,-80.9,-0.00771416 
1093,2009/9/19,10406.31,-92.65,-0.00890325 
1094,2009/10/19,10313.66,-212.63,-0.02061635 
1095,2009/11/19,10101.03,58.29,0.00577070 
1096,2009/12/19,10159.32,260.84,0.02567495 
1097,9/13/19,10420.16,-56.26,-0.00539915 
1098,9/14/19,10363.9,-2.57,-0.00024798 
1099,9/15/19,10361.33,-50.9,-0.00491250 
1100,9/16/19,10310.43,-44.8,-0.00434511 
1101,9/17/19,10265.63,-75.27,-0.00733223 
1102,9/18/19,10190.36,-32.77,-0.00321578 
1103,9/19/19,10157.59,118.29,0.01164548 
1104,9/20/19,10275.88,-102.77,-0.01000109 
1105,9/21/19,10173.11,-193.62,-0.01903253 
1106,9/22/19,9979.49,53.56,0.00536701 
1107,9/23/19,10033.05,-349.67,-0.03485181 
1108,9/24/19,9683.38,-1129.77,-0.11667104 
1109,9/25/19,8553.61,-121.38,-0.01419050 
1110,9/26/19,8432.23,-376.59,-0.04466078 
1111,9/27/19,8055.64,138.26,0.01716313 
1112,9/28/19,8193.9,31.1,0.00379551 
1113,9/29/19,8225,-168.26,-0.02045714 
1114,9/30/19,8056.74,251,0.03115404 
1115,2010/1/19,8307.74,15.18,0.00182721 
1116,2010/2/19,8322.92,59.11,0.00710207 
1117,2010/3/19,8382.03,-145.86,-0.01740151 
1118,2010/4/19,8236.17,-80.69,-0.00979703 
1119,2010/5/19,8155.48,-7.79,-0.00095519 
1120,2010/6/19,8147.69,-277.95,-0.03411396 
1121,2010/7/19,7869.74,342.28,0.04349318 
1122,2010/8/19,8212.02,-22.02,-0.00268144 
1123,2010/9/19,8190,397.92,0.04858608 
1124,2010/10/19,8587.92,-1.02,-0.00011877 
1125,2010/11/19,8586.9,-317.17,-0.03693650 
1126,2010/12/19,8269.73,38.28,0.00462893 
1127,10/13/19,8308.01,-24.25,-0.00291887 
1128,10/14/19,8283.76,69.78,0.00842371 
1129,10/15/19,8353.54,-191.38,-0.02291005 
1130,10/16/19,8162.16,-159.65,-0.01955977 
1131,10/17/19,8002.51,74.27,0.00928084 
1132,10/18/19,8076.78,-122.63,-0.01518303 
1133,10/19/19,7954.15,5.89,0.00074049 
1134,10/20/19,7960.04,271.02,0.03404757 
1135,10/21/19,8231.06,-8.54,-0.00103753 
1136,10/22/19,8222.52,-195.76,-0.02380779 
1137,10/23/19,8026.76,-557.2,-0.06941780 
1138,10/24/19,7469.56,-37.68,-0.00504447 
1139,10/25/19,7431.88,1234.91,0.16616388 
1140,10/26/19,8666.79,593.01,0.06842326 
1141,10/27/19,9259.8,291.74,0.03150608 
1142,10/28/19,9551.54,-332.78,-0.03484046 
1143,10/29/19,9218.76,214.59,0.02327753 
1144,10/30/19,9433.35,-268.73,-0.02848723 
1145,10/31/19,9164.62,-16.64,-0.00181568 
1146,2011/1/19,9147.98,105.01,0.01147904 
1147,2011/2/19,9252.99,48.19,0.00520805 
1148,2011/3/19,9301.18,-95.02,-0.01021591 
1149,2011/4/19,9206.16,211.89,0.02301611 
1150,2011/5/19,9418.05,-107.86,-0.01145248 
1151,2011/6/19,9310.19,33.15,0.00356061 
1152,2011/7/19,9343.34,-139.1,-0.01488761 
1153,2011/8/19,9204.24,-438.2,-0.04760849 
1154,2011/9/19,8766.04,43.37,0.00494750 
1155,2011/10/19,8809.41,227.71,0.02584850 
1156,2011/11/19,9037.12,-319.31,-0.03533316 
1157,2011/12/19,8717.81,83.71,0.00960218 
1158,11/13/19,8801.52,-39.1,-0.00444241 
1159,11/14/19,8762.42,-130.1,-0.01484750 
1160,11/15/19,8632.32,-174.63,-0.02022979 
1161,11/16/19,8457.69,25.01,0.00295707 
1162,11/17/19,8482.7,21.23,0.00250274 
1163,11/18/19,8503.93,-327.94,-0.03856335 
1164,11/19/19,8175.99,-55.19,-0.00675025 
1165,11/20/19,8120.8,-38.99,-0.00480125 
1166,11/21/19,8081.81,-464.74,-0.05750445 
1167,11/22/19,7617.07,-330.72,-0.04341827 
1168,11/23/19,7286.35,37.68,0.00517131 
1169,11/24/19,7324.03,-416.63,-0.05688535 
1170,11/25/19,6907.4,222.85,0.03226250 
1171,11/26/19,7130.25,33.38,0.00468146 
1172,11/27/19,7163.63,360.2,0.05028177 
1173,11/28/19,7523.83,-92.83,-0.01233813 
1174,11/29/19,7431,326.47,0.04393352 
1175,11/30/19,7757.47,-199.75,-0.02574937 
1176,2012/1/19,7557.72,-155.03,-0.02051280 
1177,2012/2/19,7402.69,-93.1,-0.01257651 
1178,2012/3/19,7309.59,-12.82,-0.00175386 
1179,2012/4/19,7296.77,-103.92,-0.01424192 
1180,2012/5/19,7192.85,203.12,0.02823915 
1181,2012/6/19,7395.97,151.22,0.02044627 
1182,2012/7/19,7547.19,-42.36,-0.00561268 
1183,2012/8/19,7504.83,17.56,0.00233983 
1184,2012/9/19,7522.39,-184.97,-0.02458926 
1185,2012/10/19,7337.42,-116.66,-0.01589932 
1186,2012/11/19,7220.76,-18.45,-0.00255513 
1187,2012/12/19,7202.31,-13.15,-0.00182580 
1188,12/13/19,7189.16,62.71,0.00872285 
1189,12/14/19,7251.87,-184.13,-0.02539069 
1190,12/15/19,7067.74,43.4,0.00614058 
1191,12/16/19,7111.14,-231.6,-0.03256862 
1192,12/17/19,6879.54,-267.42,-0.03887179 
1193,12/18/19,6612.12,672.17,0.10165726 
1194,12/19/19,7284.29,-133.43,-0.01831750 
1195,12/20/19,7150.86,39.31,0.00549724 
1196,12/21/19,7190.17,-46.97,-0.00653253 
1197,12/22/19,7143.2,371.21,0.05196691 
1198,12/23/19,7514.41,-192.33,-0.02559482 
1199,12/24/19,7322.08,-71.39,-0.00974996 
1200,12/25/19,7250.69,-57.97,-0.00799510 
1201,12/26/19,7192.72,1.68,0.00023357 
1202,12/27/19,7194.4,49.53,0.00688452 
1203,12/28/19,7243.93,57.14,0.00788798 
1204,12/29/19,7301.07,84.29,0.01154488 
1205,12/30/19,7385.36,-165.76,-0.02244440 
1206,12/31/19,7219.6,-51.29,-0.00710427 
1207,2001/1/20,7168.31,7.37,0.00102814 
1208,2001/2/20,7175.68,-231.35,-0.03224085 
1209,2001/3/20,6944.33,382.02,0.05501179 
1210,2001/4/20,7326.35,21.54,0.00294007 
1211,2001/5/20,7347.89,3.68,0.00050082 
1212,2001/6/20,7351.57,407.67,0.05545346 
1213,2001/7/20,7759.24,406.23,0.05235435 
1214,2001/8/20,8165.47,-122.82,-0.01504139 
1215,2001/9/20,8042.65,-224.73,-0.02794228 
1216,2001/10/20,7817.92,366.74,0.04691018 
1217,2001/11/20,8184.66,-163.17,-0.01993608 
1218,2001/12/20,8021.49,152.48,0.01900894 
1219,1/13/20,8173.97,-68.73,-0.00840840 
1220,1/14/20,8105.24,737.18,0.09095104 
1221,1/15/20,8842.42,-28.53,-0.00322649 
1222,1/16/20,8813.89,-91.86,-0.01042219 
1223,1/17/20,8722.03,178.31,0.02044364 
1224,1/18/20,8900.34,10.51,0.00118085 
1225,1/19/20,8910.85,-207.49,-0.02328510 
1226,1/20/20,8703.36,-76.89,-0.00883452 
1227,1/21/20,8626.47,95.79,0.01110419 
1228,1/22/20,8722.26,-63.32,-0.00725959 
1229,1/23/20,8658.94,-270.83,-0.03127750 
1230,1/24/20,8388.11,40.06,0.00477581 
1231,1/25/20,8428.17,-100.81,-0.01196108 
1232,1/26/20,8327.36,261.06,0.03134967 
1233,1/27/20,8588.42,307.36,0.03578772 
1234,1/28/20,8895.78,489.91,0.05507218 
1235,1/29/20,9385.69,-105.88,-0.01128100 
1236,1/30/20,9279.81,222.56,0.02398325 
1237,1/31/20,9502.37,-168.6,-0.01774294 
1238,2002/1/20,9333.77,44.32,0.00474835 
1239,2002/2/20,9378.09,-63.53,-0.00677430 
1240,2002/3/20,9314.56,-152.42,-0.01636363 
1241,2002/4/20,9162.14,0,0.00000000 
1242,2002/5/20,9162.14,452.76,0.04941640 
1243,2002/6/20,9614.9,140.76,0.01463978 
1244,2002/7/20,9755.66,51.88,0.00531794 
1245,2002/8/20,9807.54,99.58,0.01015341 
1246,2002/9/20,9907.12,255.29,0.02576834 
1247,2002/10/20,10162.41,-307.62,-0.03027038 
1248,2002/11/20,9854.79,420.59,0.04267874 
1249,2002/12/20,10275.38,78.92,0.00768049 
1250,2/13/20,10354.3,-111.87,-0.01080421 
1251,2/14/20,10242.43,126.1,0.01231153 
1252,2/15/20,10368.53,-464.36,-0.04478552 
1253,2/16/20,9904.17,33.5,0.00338241 
1254,2/17/20,9937.67,-233.74,-0.02352060 
1255,2/18/20,9703.93,476.72,0.04912649 
1256,2/19/20,10180.65,-575.93,-0.05657104 
1257,2/20/20,9604.72,2.14,0.00022281 
1258,2/21/20,9606.86,89.72,0.00933916 
1259,2/22/20,9696.58,-26.95,-0.00277933 
1260,2/23/20,9669.63,319.76,0.03306848 
1261,2/24/20,9989.39,-325.64,-0.03259859 
1262,2/25/20,9663.75,-354.6,-0.03669383 
1263,2/26/20,9309.15,-523.63,-0.05624896 
1264,2/27/20,8785.52,19.2,0.00218541 
1265,2/28/20,8804.72,-92.37,-0.01049096 
1266,2/29/20,8712.35,-178.18,-0.02045143 
1267,2003/1/20,8534.17,378.65,0.04436870 
1268,2003/2/20,8912.82,0,0.00000000 
1269,2003/3/20,8912.82,-158.48,-0.01778113 
1270,2003/4/20,8754.34,4.56,0.00052088 
1271,2003/5/20,8758.9,308.49,0.03522018 
1272,2003/6/20,9067.39,88.5,0.00976025 
1273,2003/7/20,9155.89,-257.26,-0.02809776 
1274,2003/8/20,8898.63,-859.25,-0.09655981 
1275,2003/9/20,8039.38,-107.44,-0.01336421 
1276,2003/10/20,7931.94,-46.48,-0.00585985 
1277,2003/11/20,7885.46,51.19,0.00649169 
1278,2003/12/20,7936.65,-3106.44,-0.39140443 
1279,3/13/20,4830.21,778.82,0.16123937 
1280,3/14/20,5609.03,-442.77,-0.07893878 
1281,3/15/20,5166.26,182.18,0.03526342 
1282,3/16/20,5348.44,-322.09,-0.06022130 
1283,3/17/20,5026.35,331.26,0.06590468 
1284,3/18/20,5357.61,52.62,0.00982154 
1285,3/19/20,5410.23,784.97,0.14508995 
1286,3/20/20,6195.2,31.24,0.00504261 
1287,3/21/20,6226.44,-36.59,-0.00587655 
1288,3/22/20,6189.85,-367.23,-0.05932777 
1289,3/23/20,5822.62,679.54,0.11670691 
1290,3/24/20,6502.16,266.33,0.04096023 
1291,3/25/20,6768.49,-70.03,-0.01034647 
1292,3/26/20,6698.46,65.29,0.00974702 
1293,3/27/20,6763.75,-394.66,-0.05834929 
1294,3/28/20,6369.09,-108.14,-0.01697888 
1295,3/29/20,6260.95,-375.54,-0.05998131 
1296,3/30/20,5885.41,519.88,0.08833369 
1297,3/31/20,6405.29,22.99,0.00358922 
1298,2004/1/20,6428.28,224.59,0.03493781 
1299,2004/2/20,6652.87,156.24,0.02348460 
1300,2004/3/20,6809.11,-67.44,-0.00990438 
1301,2004/4/20,6741.67,130.02,0.01928602 
1302,2004/5/20,6871.69,-94.25,-0.01371569 
1303,2004/6/20,6777.44,565.76,0.08347695 
1304,2004/7/20,7343.2,-137.65,-0.01874523 
1305,2004/8/20,7205.55,159.48,0.02213294 
1306,2004/9/20,7365.03,-71.34,-0.00968631 
1307,2004/10/20,7293.69,-420.45,-0.05764572 
1308,2004/11/20,6873.24,18.36,0.00267123 
1309,2004/12/20,6891.6,23.77,0.00344913 
1310,4/13/20,6915.37,-57.71,-0.00834518 
1311,4/14/20,6857.66,14.29,0.00208380 
1312,4/15/20,6871.95,-248.15,-0.03611057 
1313,4/16/20,6623.8,488.47,0.07374468 
1314,4/17/20,7112.27,-77.38,-0.01087979 
1315,4/18/20,7034.89,224.47,0.03190810 
1316,4/19/20,7259.36,-129.32,-0.01781424 
1317,4/20/20,7130.04,-289.8,-0.04064493 
1318,4/21/20,6840.24,12.28,0.00179526 
1319,4/22/20,6852.52,278.47,0.04063760 
1320,4/23/20,7130.99,346.61,0.04860615 
1321,4/24/20,7477.6,29.48,0.00394244 
1322,4/25/20,7507.08,42.44,0.00565333 
1323,4/26/20,7549.52,149.75,0.01983570 
1324,4/27/20,7699.27,91.39,0.01186996 
1325,4/28/20,7790.66,-25.33,-0.00325133 
1326,4/29/20,7765.33,1012.3,0.13036149 
1327,4/30/20,8777.63,-148.86,-0.01695902 
1328,2005/1/20,8628.77,195.89,0.02270196 
1329,2005/2/20,8824.66,149.16,0.01690263 
1330,2005/3/20,8973.82,-69.87,-0.00778598 
1331,2005/4/20,8903.95,-18.02,-0.00202382 
1332,2005/5/20,8885.93,145.03,0.01632131 
1333,2005/6/20,9030.96,139.83,0.01548340 
1334,2005/7/20,9170.79,831.69,0.09068902 
1335,2005/8/20,10002.48,-180.68,-0.01806352 
1336,2005/9/20,9821.8,-294.41,-0.02997516 
1337,2005/10/20,9527.39,-772.93,-0.08112715 
1338,2005/11/20,8754.46,-137.21,-0.01567315 
1339,2005/12/20,8617.25,197.28,0.02289361 
1340,5/13/20,8814.53,491.4,0.05574886 
1341,5/14/20,9305.93,484.38,0.05205068 
1342,5/15/20,9790.31,-486.72,-0.04971446 
1343,5/16/20,9303.59,82.11,0.00882563 
1344,5/17/20,9385.7,283.7,0.03022683 
1345,5/18/20,9669.4,49.97,0.00516785 
1346,5/19/20,9719.37,66.37,0.00682863 
1347,5/20/20,9785.74,-275.07,-0.02810927 
1348,5/21/20,9510.67,-453.1,-0.04764123 
1349,5/22/20,9057.57,109.69,0.01211031 
1350,5/23/20,9167.26,11.06,0.00120647 
1351,5/24/20,9178.32,-447.59,-0.04876601 
1352,5/25/20,8730.73,168.93,0.01934890 
1353,5/26/20,8899.66,-56.81,-0.00638339 
1354,5/27/20,8842.85,354.69,0.04011037 
1355,5/28/20,9197.54,371.67,0.04040972 
1356,5/29/20,9569.21,-143.23,-0.01496780 
1357,5/30/20,9425.98,272.12,0.02886915 
1358,5/31/20,9698.1,-247.26,-0.02549572 
1359,2006/1/20,9450.84,753.39,0.07971672 
1360,2006/2/20,10204.23,-678.66,-0.06650771 
1361,2006/3/20,9525.57,132.47,0.01390678 
1362,2006/4/20,9658.04,136.52,0.01413537 
1363,2006/5/20,9794.56,-170.81,-0.01743927 
1364,2006/6/20,9623.75,46.68,0.00485050 
1365,2006/7/20,9670.43,83.42,0.00862630 
1366,2006/8/20,9753.85,28.74,0.00294653 
1367,2006/9/20,9782.59,-7.44,-0.00076053 
1368,2006/10/20,9775.15,116.98,0.01196708 
1369,2006/11/20,9892.13,-605.71,-0.06123150 
1370,2006/12/20,9286.42,173.55,0.01868858 
1371,6/13/20,9459.97,13.53,0.00143024 
1372,6/14/20,9473.5,-143.43,-0.01514013 
1373,6/15/20,9330.07,96.63,0.01035684 
1374,6/16/20,9426.7,99.3,0.01053391 
1375,6/17/20,9526,-71.19,-0.00747323 
1376,6/18/20,9454.81,-74.78,-0.00790920 
1377,6/19/20,9380.03,-79.88,-0.00851596 
1378,6/20/20,9300.15,57.28,0.00615904 
1379,6/21/20,9357.43,-72.65,-0.00776388 
1380,6/22/20,9284.78,407.12,0.04384810 
1381,6/23/20,9691.9,-70.41,-0.00726483 
1382,6/24/20,9621.49,-344.91,-0.03584788 
1383,6/25/20,9276.58,-35.73,-0.00385163 
1384,6/26/20,9240.85,-86.4,-0.00934979 
1385,6/27/20,9154.45,-150.22,-0.01640951 
1386,6/28/20,9004.23,123.24,0.01368690 
1387,6/29/20,9127.47,57.88,0.00634130 
1388,6/30/20,9185.35,-51.38,-0.00559369 
1389,2007/1/20,9133.97,102.41,0.01121199 
1390,2007/2/20,9236.38,-148.4,-0.01606690 
1391,2007/3/20,9087.98,-15.56,-0.00171215 
1392,2007/4/20,9072.42,58.89,0.00649110 
1393,2007/5/20,9131.31,-42.22,-0.00462365 
1394,2007/6/20,9089.09,259.82,0.02858592 
1395,2007/7/20,9348.91,-92.68,-0.00991346 
1396,2007/8/20,9256.23,183.84,0.01986122 
1397,2007/9/20,9440.07,-202.03,-0.02140132 
1398,2007/10/20,9238.04,49.36,0.00534312 
1399,2007/11/20,9287.4,-51.44,-0.00553869 
1400,2007/12/20,9235.96,59.94,0.00648985 
1401,7/13/20,9295.9,-57.77,-0.00621457 
1402,7/14/20,9238.13,16.39,0.00177417 
1403,7/15/20,9254.52,-61.01,-0.00659245 
1404,7/16/20,9193.51,-62.51,-0.00679936 
1405,7/17/20,9131,23.19,0.00253970 
1406,7/18/20,9154.19,20.52,0.00224160 
1407,7/19/20,9174.71,39.95,0.00435436 
1408,7/20/20,9214.66,-50.79,-0.00551187 
1409,7/21/20,9163.87,228.79,0.02496653 
1410,7/22/20,9392.66,144.74,0.01540991 
1411,7/23/20,9537.4,75.71,0.00793822 
1412,7/24/20,9613.11,-61.83,-0.00643184 
1413,7/25/20,9551.28,156.22,0.01635592 
1414,7/26/20,9707.5,231.33,0.02383003 
1415,7/27/20,9938.83,1103.57,0.11103621 
1416,7/28/20,11042.4,-107.46,-0.00973158 
1417,7/29/20,10934.94,167.73,0.01533890 
1418,7/30/20,11102.67,12.26,0.00110424 
1419,7/31/20,11114.93,228.95,0.02059842 
1420,2008/1/20,11343.88,479.81,0.04229682 
1421,2008/2/20,11823.69,-745.92,-0.06308690 
1422,2008/3/20,11077.77,164.8,0.01487664 
1423,2008/4/20,11242.57,-48.32,-0.00429795 
1424,2008/5/20,11194.25,556.03,0.04967104 
1425,2008/6/20,11750.28,22.66,0.00192846 
1426,2008/7/20,11772.94,-167.34,-0.01421395 
1427,2008/8/20,11605.6,162,0.01395878 
1428,2008/9/20,11767.6,-83.54,-0.00709915 
1429,2008/10/20,11684.06,208.97,0.01788505 
1430,2008/11/20,11893.03,-500.6,-0.04209188 
1431,2008/12/20,11392.43,180.68,0.01585965 
1432,8/13/20,11573.11,204.32,0.01765472 
1433,8/14/20,11777.43,-3.05,-0.00025897 
1434,8/15/20,11774.38,99.6,0.00845904 
1435,8/16/20,11873.98,40.03,0.00337124 
1436,8/17/20,11914.01,379.71,0.03187088 
1437,8/18/20,12293.72,-324.19,-0.02637037 
1438,8/19/20,11969.53,-235.53,-0.01967746 
1439,8/20/20,11734,131.82,0.01123402 
1440,8/21/20,11865.82,-343.02,-0.02890824 
1441,8/22/20,11522.8,160.64,0.01394106 
1442,8/23/20,11683.44,-30.42,-0.00260369 
1443,8/24/20,11653.02,110.91,0.00951770 
1444,8/25/20,11763.93,-426.53,-0.03625744 
1445,8/26/20,11337.4,129.97,0.01146383 
1446,8/27/20,11467.37,-165.36,-0.01442005 
1447,8/28/20,11302.01,232.74,0.02059280 
1448,8/29/20,11534.75,-53.11,-0.00460435 
1449,8/30/20,11481.64,226.14,0.01969579 
1450,8/31/20,11707.78,-48.21,-0.00411777 
1451,2009/1/20,11659.57,263.68,0.02261490 
1452,2009/2/20,11923.25,-525.81,-0.04409955 
1453,2009/3/20,11397.44,-1209.93,-0.10615805 
1454,2009/4/20,10187.51,280.38,0.02752194 
1455,2009/5/20,10467.89,-308.27,-0.02944911 
1456,2009/6/20,10159.62,95.31,0.00938126 
1457,2009/7/20,10254.93,112.81,0.01100056 
1458,2009/8/20,10367.74,-246.22,-0.02374867 
1459,2009/9/20,10121.52,106.31,0.01050336 
1460,2009/10/20,10227.83,124.83,0.01220493 
1461,2009/11/20,10352.66,42.78,0.00413227 
1462,2009/12/20,10395.44,51,0.00490600 
1463,9/13/20,10446.44,-115.67,-0.01107267 
1464,9/14/20,10330.77,343.87,0.03328600 
1465,9/15/20,10674.64,110.98,0.01039660 
1466,9/16/20,10785.62,162.81,0.01509510 
1467,9/17/20,10948.43,-4.54,-0.00041467 
1468,9/18/20,10943.89,-12.1,-0.00110564 
1469,9/19/20,10931.79,149.64,0.01368852 
1470,9/20/20,11081.43,-161.78,-0.01459920 
1471,9/21/20,10919.65,-489.19,-0.04479905 
1472,9/22/20,10430.46,101.76,0.00975604 
1473,9/23/20,10532.22,-297.74,-0.02826944 
1474,9/24/20,10234.48,497.95,0.04865416 
1475,9/25/20,10732.43,-39.59,-0.00368882 
1476,9/26/20,10692.84,39.56,0.00369967 
1477,9/27/20,10732.4,41.84,0.00389848 
1478,9/28/20,10774.24,-81.91,-0.00760239 
1479,9/29/20,10692.33,148.47,0.01388565 
1480,9/30/20,10840.8,-62.88,-0.00580031 
1481,2010/1/20,10777.92,-158.68,-0.01472269 
1482,2010/2/20,10619.24,-44.18,-0.00416037 
1483,2010/3/20,10575.06,-23.29,-0.00220235 
1484,2010/4/20,10551.77,121.69,0.01153266 
1485,2010/5/20,10673.46,115.1,0.01078376 
1486,2010/6/20,10788.56,-184.82,-0.01713111 
1487,2010/7/20,10603.74,67.06,0.00632418 
1488,2010/8/20,10670.8,252.5,0.02366271 
1489,2010/9/20,10923.3,139.89,0.01280657 
1490,2010/10/20,11063.19,239.48,0.02164656 
1491,2010/11/20,11302.67,73.94,0.00654182 
1492,2010/12/20,11376.61,163.43,0.01436544 
1493,10/13/20,11540.04,-111.8,-0.00968801 
1494,10/14/20,11428.24,3.08,0.00026951 
1495,10/15/20,11431.32,72.41,0.00633435 
1496,10/16/20,11503.73,-176.16,-0.01531329 
1497,10/17/20,11327.57,38.94,0.00343763 
1498,10/18/20,11366.51,141.69,0.01246557 
1499,10/19/20,11508.2,249.96,0.02172016 
1500,10/20/20,11758.16,167.3,0.01422842 
1501,10/21/20,11925.46,906.1,0.07598030 
1502,10/22/20,12831.56,158.69,0.01236716 
1503,10/23/20,12990.25,-45.73,-0.00352033 
1504,10/24/20,12944.52,183.94,0.01420987 
1505,10/25/20,13128.46,-91.69,-0.00698406 
1506,10/26/20,13036.77,39.6,0.00303756 
1507,10/27/20,13076.37,575.1,0.04398010 
1508,10/28/20,13651.47,-362.47,-0.02655172 
1509,10/29/20,13289,169.66,0.01276695 
1510,10/30/20,13458.66,106.06,0.00788043 
1511,10/31/20,13564.72,245.6,0.01810579 
1512,2011/1/20,13810.32,-51.44,-0.00372475 
1513,2011/2/20,13758.88,-183.71,-0.01335210 
1514,2011/3/20,13575.17,448.14,0.03301174 
1515,2011/4/20,14023.31,132.28,0.00943287 
1516,2011/5/20,14155.59,1435.8,0.10142989 
1517,2011/6/20,15591.39,4.38,0.00028092 
1518,2011/7/20,15595.77,-755.93,-0.04847019 
1519,2011/8/20,14839.84,650.76,0.04385222 
1520,2011/9/20,15490.6,-162.07,-0.01046247 
1521,2011/10/20,15328.53,-11.49,-0.00074958 
1522,2011/11/20,15317.04,391.61,0.02556695 
1523,2011/12/20,15708.65,586.92,0.03736285 
1524,11/13/20,16295.57,43.76,0.00268539 
1525,11/14/20,16339.33,-248.26,-0.01519401 
1526,11/15/20,16091.07,-122.91,-0.00763840 
1527,11/16/20,15968.16,756.99,0.04740621 
1528,11/17/20,16725.15,954.57,0.05707393 
1529,11/18/20,17679.72,118.73,0.00671560 
1530,11/19/20,17798.45,22.12,0.00124280 
1531,11/20/20,17820.57,866.88,0.04864491 
1532,11/21/20,18687.45,12.3,0.00065820 
1533,11/22/20,18699.75,-277.47,-0.01483817 
1534,11/23/20,18422.28,-23.37,-0.00126857 
1535,11/24/20,18398.91,773.61,0.04204651 
1536,11/25/20,19172.52,-432.72,-0.02256980 
1537,11/26/20,18739.8,-1588.36,-0.08475864 
1538,11/27/20,17151.44,-12.57,-0.00073288 
1539,11/28/20,17138.87,593.55,0.03463180 
1540,11/29/20,17732.42,459.18,0.02589494 
1541,11/30/20,18191.6,1518.13,0.08345225 
1542,2012/1/20,19709.73,-917.21,-0.04653590 
1543,2012/2/20,18792.52,434.45,0.02311824 
1544,2012/3/20,19226.97,227.57,0.01183598 
1545,2012/4/20,19454.54,-784.05,-0.04030165 
1546,2012/5/20,18670.49,484.57,0.02595379 
1547,2012/6/20,19155.06,222.6,0.01162095 
1548,2012/7/20,19377.66,-196.25,-0.01012764 
1549,2012/8/20,19181.41,-862.54,-0.04496750 
1550,2012/9/20,18318.87,235.28,0.01284359 
1551,2012/10/20,18554.15,-306.39,-0.01651329 
1552,2012/11/20,18247.76,-218.4,-0.01196859 
1553,2012/12/20,18029.36,774.08,0.04293441 
1554,12/13/20,18803.44,361.04,0.01920074 
1555,12/14/20,19164.48,112.11,0.00584988 
1556,12/15/20,19276.59,163.16,0.00846415 
1557,12/16/20,19439.75,1939.73,0.09978163 
1558,12/17/20,21379.48,1467.98,0.06866304 
1559,12/18/20,22847.46,303.33,0.01327631 
1560,12/19/20,23150.79,719.13,0.03106287 
1561,12/20/20,23869.92,-379.34,-0.01589197 
1562,12/21/20,23490.58,-745.1,-0.03171910 
1563,12/22/20,22745.48,1079.51,0.04746042 
1564,12/23/20,23824.99,-571.62,-0.02399245 
1565,12/24/20,23253.37,462.16,0.01987497 
1566,12/25/20,23715.53,978.05,0.04124091 
1567,12/26/20,24693.58,1749.63,0.07085364 
1568,12/27/20,26443.21,-196.63,-0.00743594 
1569,12/28/20,26246.58,790.11,0.03010335 
1570,12/29/20,27036.69,339.68,0.01256367 
1571,12/30/20,27376.37,1480.22,0.05406926 
1572,12/31/20,28856.59,125.97,0.00436538 
1573,2001/1/21,28982.56,411.19,0.01418750 
1574,2001/2/21,29393.75,2801.71,0.09531652 
1575,2001/3/21,32195.46,805.32,0.02501346 
1576,2001/4/21,33000.78,-965.75,-0.02926446 
1577,2001/5/21,32035.03,2011.64,0.06279501 
1578,2001/6/21,34046.67,2813.74,0.08264362 
1579,2001/7/21,36860.41,2625.63,0.07123171 
1580,2001/8/21,39486.04,1184.21,0.02999060 
1581,2001/9/21,40670.25,-429.53,-0.01056128 
1582,2001/10/21,40240.72,-2000.63,-0.04971656 
1583,2001/11/21,38240.09,-2695.15,-0.07047970 
1584,2001/12/21,35544.94,-1533.12,-0.04313188 
1585,1/13/21,34011.82,3381.31,0.09941573 
1586,1/14/21,37393.13,1765.34,0.04721028 
1587,1/15/21,39158.47,-2329.95,-0.05950054 
1588,1/16/21,36828.52,-763.32,-0.02072633 
1589,1/17/21,36065.2,-272.19,-0.00754716 
1590,1/18/21,35793.01,839.34,0.02344983 
1591,1/19/21,36632.35,-612.22,-0.01671255 
1592,1/20/21,36020.13,-481.15,-0.01335781 
1593,1/21/21,35538.98,-4741.1,-0.13340563 
1594,1/22/21,30797.88,2204.5,0.07157960 
1595,1/23/21,33002.38,-902.64,-0.02735075 
1596,1/24/21,32099.74,177.1,0.00551718 
1597,1/25/21,32276.84,-33.58,-0.00104037 
1598,1/26/21,32243.26,298.54,0.00925899 
1599,1/27/21,32541.8,-2122.63,-0.06522780 
1600,1/28/21,30419.17,2984,0.09809604 
1601,1/29/21,33403.17,911.09,0.02727555 
1602,1/30/21,34314.26,3.84,0.00011191 
1603,1/31/21,34318.1,-1181.64,-0.03443198 
1604,2002/1/21,33136.46,386.44,0.01166208 
1605,2002/2/21,33522.9,2006.76,0.05986236 
1606,2002/3/21,35529.66,2146.59,0.06041685 
1607,2002/4/21,37676.25,-674.16,-0.01789350 
1608,2002/5/21,37002.09,1276.52,0.03449859 
1609,2002/6/21,38278.61,1044.65,0.02729070 
1610,2002/7/21,39323.26,-395.16,-0.01004901 
1611,2002/8/21,38928.1,7436.2,0.19102396 
1612,2002/9/21,46364.3,225.28,0.00485891 
1613,2002/10/21,46589.58,-1711.41,-0.03673375 
1614,2002/11/21,44878.17,3135.21,0.06986047 
1615,2002/12/21,48013.38,-541.98,-0.01128810 
1616,2/13/21,47471.4,-286.21,-0.00602910 
1617,2/14/21,47185.19,1535.18,0.03253521 
1618,2/15/21,48720.37,-768.52,-0.01577410 
1619,2/16/21,47951.85,1208.25,0.02519715 
1620,2/17/21,49160.1,2958.13,0.06017339 
1621,2/18/21,52118.23,-510.08,-0.00978698 
1622,2/19/21,51608.15,4308.35,0.08348197 
1623,2/20/21,55916.5,84.7,0.00151476 
1624,2/21/21,56001.2,1486.66,0.02654693 
1625,2/22/21,57487.86,-3364.46,-0.05852470 
1626,2/23/21,54123.4,-5242.97,-0.09687067 
1627,2/24/21,48880.43,1744.41,0.03568729 
1628,2/25/21,50624.84,-3824.42,-0.07554434 
1629,2/26/21,46800.42,-460.11,-0.00983132 
1630,2/27/21,46340.31,-184.44,-0.00398012 
1631,2/28/21,46155.87,-1041.95,-0.02257459 
1632,2003/1/21,45113.92,4504.51,0.09984745 
1633,2003/2/21,49618.43,-1262.39,-0.02544196 
1634,2003/3/21,48356.04,2121.66,0.04387580 
1635,2003/4/21,50477.7,-2028.79,-0.04019181 
1636,2003/5/21,48448.91,412.47,0.00851350 
1637,2003/6/21,48861.38,20.21,0.00041362 
1638,2003/7/21,48881.59,2288.11,0.04680924 
1639,2003/8/21,51169.7,1129.63,0.02207615 
1640,2003/9/21,52299.33,2582.19,0.04937329 
1641,2003/10/21,54881.52,1115.71,0.02032943 
1642,2003/11/21,55997.23,1766.77,0.03155102 
1643,2003/12/21,57764,-510.72,-0.00884149 
1644,3/13/21,57253.28,4005.45,0.06996018 
1645,3/14/21,61258.73,-2125.26,-0.03469318 
1646,3/15/21,59133.47,-3378.75,-0.05713769 
1647,3/16/21,55754.72,1117.66,0.02004602 
1648,3/17/21,56872.38,2040.62,0.03588069 
1649,3/18/21,58913,-1247.1,-0.02116850 
1650,3/19/21,57665.9,409.2,0.00709605 
1651,3/20/21,58075.1,10.7,0.00018424 
1652,3/21/21,58085.8,-674.63,-0.01161437 
1653,3/22/21,57411.17,-3206.21,-0.05584645 
1654,3/23/21,54204.96,272.5,0.00502722 
1655,3/24/21,54477.46,-1969.23,-0.03614761 
1656,3/25/21,52508.23,-1092.31,-0.02080264 
1657,3/26/21,51415.92,3658.55,0.07115598 
1658,3/27/21,55074.47,789.46,0.01433441 
1659,3/28/21,55863.93,-80.22,-0.00143599 
1660,3/29/21,55783.71,1843.96,0.03305553 
1661,3/30/21,57627.67,1102.46,0.01913074 
1662,3/31/21,58730.13,5.12,0.00008718 
1663,2004/1/21,58735.25,1.67,0.00002843 
1664,2004/2/21,58736.92,294.4,0.00501218 
1665,2004/3/21,59031.32,-1954.83,-0.03311513 
1666,2004/4/21,57076.49,1130.06,0.01979905 
1667,2004/5/21,58206.55,847.55,0.01456108 
1668,2004/6/21,59054.1,-1033.64,-0.01750327 
1669,2004/7/21,58020.46,-2073.19,-0.03573205 
1670,2004/8/21,55947.27,2101.32,0.03755894 
1671,2004/9/21,58048.59,53.99,0.00093008 
1672,2004/10/21,58102.58,1671.42,0.02876671 
1673,2004/11/21,59774,190.87,0.00319319 
1674,2004/12/21,59964.87,-130.13,-0.00217010 
1675,4/13/21,59834.74,3719.7,0.06216623 
1676,4/14/21,63554.44,-585.32,-0.00920974 
1677,4/15/21,62969.12,283.51,0.00450237 
1678,4/16/21,63252.63,-1796.65,-0.02840435 
1679,4/17/21,61455.98,-1368.89,-0.02227432 
1680,4/18/21,60087.09,-3835.61,-0.06383418 
1681,4/19/21,56251.48,-548.34,-0.00974801 
1682,4/20/21,55703.14,804.77,0.01444748 
1683,4/21/21,56507.91,-2699.11,-0.04776517 
1684,4/22/21,53808.8,-2077.09,-0.03860131 
1685,4/23/21,51731.71,-578.58,-0.01118424 
1686,4/24/21,51153.13,-1042.6,-0.02038194 
1687,4/25/21,50110.53,-1034.95,-0.02065334 
1688,4/26/21,49075.58,4981.06,0.10149773 
1689,4/27/21,54056.64,1014.82,0.01877327 
1690,4/28/21,55071.46,-187.36,-0.00340213 
1691,4/29/21,54884.1,-1299.95,-0.02368537 
1692,4/30/21,53584.15,4212.47,0.07861411 
1693,2005/1/21,57796.62,60.88,0.00105335 
1694,2005/2/21,57857.5,-1247.04,-0.02155364 
1695,2005/3/21,56610.46,602.87,0.01064945 
1696,2005/4/21,57213.33,-3971.61,-0.06941756 
1697,2005/5/21,53241.72,4231.51,0.07947733 
1698,2005/6/21,57473.23,-1045.07,-0.01818360 
1699,2005/7/21,56428.16,952.11,0.01687296 
1700,2005/8/21,57380.27,1548.54,0.02698733 
1701,2005/9/21,58928.81,-648.08,-0.01099768 
1702,2005/10/21,58280.73,-2397.23,-0.04113246 
1703,2005/11/21,55883.5,866.5,0.01550547 
1704,2005/12/21,56750,-7742.91,-0.13643894 
1705,5/13/21,49007.09,695.18,0.01418529 
1706,5/14/21,49702.27,220.25,0.00443139 
1707,5/15/21,49922.52,-3185.94,-0.06381769 
1708,5/16/21,46736.58,-294.94,-0.00631069 
1709,5/17/21,46441.64,-2845.4,-0.06126829 
1710,5/18/21,43596.24,-684.05,-0.01569057 
1711,5/19/21,42912.19,-5947.92,-0.13860677 
1712,5/20/21,36964.27,3820.05,0.10334439 
1713,5/21/21,40784.32,-3503.97,-0.08591464 
1714,5/22/21,37280.35,247.95,0.00665096 
1715,5/23/21,37528.3,-2773.76,-0.07391116 
1716,5/24/21,34754.54,3974.05,0.11434621 
1717,5/25/21,38728.59,-318.09,-0.00821331 
1718,5/26/21,38410.5,855.54,0.02227360 
1719,5/27/21,39266.04,-820.75,-0.02090229 
1720,5/28/21,38445.29,-2755.67,-0.07167770 
1721,5/29/21,35689.62,-1041.95,-0.02919476 
1722,5/30/21,34647.67,1036.92,0.02992755 
1723,5/31/21,35684.59,1625.95,0.04556449 
1724,2006/1/21,37310.54,-647.9,-0.01736507 
1725,2006/2/21,36662.64,922.6,0.02516458 
1726,2006/3/21,37585.24,1603.35,0.04265903 
1727,2006/4/21,39188.59,-2303.08,-0.05876915 
1728,2006/5/21,36885.51,-1355.13,-0.03673882 
1729,2006/6/21,35530.38,285.79,0.00804354 
1730,2006/7/21,35816.17,-2301.3,-0.06425310 
1731,2006/8/21,33514.87,-64.68,-0.00192989 
1732,2006/9/21,33450.19,3888.17,0.11623761 
1733,2006/10/21,37338.36,-633.79,-0.01697423 
1734,2006/11/21,36704.57,608.61,0.01658131 
1735,2006/12/21,37313.18,-1818.28,-0.04873023 
1736,6/13/21,35494.9,3571.92,0.10063192 
1737,6/14/21,39066.82,1458.98,0.03734576 
1738,6/15/21,40525.8,-337.24,-0.00832161 
1739,6/16/21,40188.56,-1863.69,-0.04637364 
1740,6/17/21,38324.87,-256.83,-0.00670139 
1741,6/18/21,38068.04,-2338.22,-0.06142213 
1742,6/19/21,35729.82,-205.65,-0.00575570 
1743,6/20/21,35524.17,68.18,0.00191926 
1744,6/21/21,35592.35,-3905.8,-0.10973706 
1745,6/22/21,31686.55,761.04,0.02401776 
1746,6/23/21,32447.59,1227.07,0.03781698 
1747,6/24/21,33674.66,964.72,0.02864825 
1748,6/25/21,34639.38,-2998.8,-0.08657199 
1749,6/26/21,31640.58,520.33,0.01644502 
1750,6/27/21,32160.91,2483.54,0.07722232 
1751,6/28/21,34644.45,-187.78,-0.00542020 
1752,6/29/21,34456.67,1391.03,0.04037041 
1753,6/30/21,35847.7,-800.34,-0.02232612 
1754,2007/1/21,35047.36,-1510.48,-0.04309825 
1755,2007/2/21,33536.88,319.98,0.00954114 
1756,2007/3/21,33856.86,832.12,0.02457759 
1757,2007/4/21,34688.98,620.32,0.01788234 
1758,2007/5/21,35309.3,-1561.33,-0.04421866 
1759,2007/6/21,33747.97,463.04,0.01372053 
1760,2007/7/21,34211.01,-371.97,-0.01087282 
1761,2007/8/21,33839.04,-961.63,-0.02841777 
1762,2007/9/21,32877.41,941.11,0.02862482 
1763,2007/10/21,33818.52,-302.95,-0.00895811 
1764,2007/11/21,33515.57,712.07,0.02124595 
1765,2007/12/21,34227.64,-1069.39,-0.03124346 
1766,7/13/21,33158.25,-471.69,-0.01422542 
1767,7/14/21,32686.56,128.05,0.00391751 
1768,7/15/21,32814.61,-1076.02,-0.03279088 
1769,7/16/21,31738.59,-317.34,-0.00999855 
1770,7/17/21,31421.25,99.41,0.00316378 
1771,7/18/21,31520.66,262.83,0.00833834 
1772,7/19/21,31783.49,-967.55,-0.03044191 
1773,7/20/21,30815.94,-1025.7,-0.03328472 
1774,7/21/21,29790.24,2327.82,0.07814036 
1775,7/22/21,32118.06,179.83,0.00559903 
1776,7/23/21,32297.89,1283.74,0.03974687 
1777,7/24/21,33581.63,697.71,0.02077654 
1778,7/25/21,34279.34,1085.86,0.03167681 
1779,7/26/21,35365.2,1952.94,0.05522208 
1780,7/27/21,37318.14,2087.81,0.05594625 
1781,7/28/21,39405.95,596.58,0.01513934 
1782,7/29/21,40002.53,3.4,0.00008499 
1783,7/30/21,40005.93,2208.22,0.05519732 
1784,7/31/21,42214.15,-555.09,-0.01314938 
1785,2008/1/21,41659.06,-1658.6,-0.03981367 
1786,2008/2/21,40000.46,-806.52,-0.02016277 
1787,2008/3/21,39193.94,-1055.94,-0.02694141 
1788,2008/4/21,38138,1612.14,0.04227123 
1789,2008/5/21,39750.14,1131.86,0.02847437 
1790,2008/6/21,40882,1943.95,0.04755027 
1791,2008/7/21,42825.95,1808.18,0.04222160 
1792,2008/8/21,44634.13,-817.99,-0.01832656 
1793,2008/9/21,43816.14,2517.32,0.05745189 
1794,2008/10/21,46333.46,-725.09,-0.01564938 
1795,2008/11/21,45608.37,3.09,0.00006775 
1796,2008/12/21,45611.46,-1193.68,-0.02617062 
1797,8/13/21,44417.78,3416.2,0.07691064 
1798,8/14/21,47833.98,-721.79,-0.01508948 
1799,8/15/21,47112.19,-55.78,-0.00118398 
1800,8/16/21,47056.41,-1073.86,-0.02282070 
1801,8/17/21,45982.55,-1333.98,-0.02901057 
1802,8/18/21,44648.57,129.29,0.00289573 
1803,8/19/21,44777.86,1956.79,0.04369994 
1804,8/20/21,46734.65,2593.1,0.05548560 
1805,8/21/21,49327.75,-395.73,-0.00802246 
1806,8/22/21,48932.02,403.66,0.00824940 
1807,8/23/21,49335.68,187.82,0.00380698 
1808,8/24/21,49523.5,-1778.92,-0.03592072 
1809,8/25/21,47744.58,1227.51,0.02570993 
1810,8/26/21,48972.09,-2009.29,-0.04102929 
1811,8/27/21,46962.8,2094.06,0.04458976 
1812,8/28/21,49056.86,-159.21,-0.00324542 
1813,8/29/21,48897.65,-90.87,-0.00185837 
1814,8/30/21,48806.78,-1732.01,-0.03548708 
1815,8/31/21,47074.77,81.1,0.00172279 
1816,2009/1/21,47155.87,1706.89,0.03619677 
1817,2009/2/21,48862.76,466.25,0.00954203 
1818,2009/3/21,49329.01,706.32,0.01431855 
1819,2009/4/21,50035.33,-87.95,-0.00175776 
1820,2009/5/21,49947.38,1821.68,0.03647198 
1821,2009/6/21,51769.06,908.34,0.01754600 
1822,2009/7/21,52677.4,-5868.23,-0.11139939 
1823,2009/8/21,46809.17,-730.79,-0.01561211 
1824,2009/9/21,46078.38,290.31,0.00630035 
1825,2009/10/21,46368.69,-46368.69,-1.00000000 
