Date,Date,Value,D-value,Rate,,,,
0,,1324.6,1324.6,#DIV/0!,,,,意思为自己补上的数据
1,2009/12/16,1324.6,-0.95,-0.0007172,,,,
2,9/13/16,1323.65,-1.9,-0.00143542,,,,
3,9/14/16,1321.75,-10.95,-0.00828447,,,,
4,9/15/16,1310.8,-2.45,-0.00186909,,,,
5,9/16/16,1308.35,2.166666667,0.00165603,,,,
6,,1310.516667,2.166666667,0.00165329,,,,
7,,1312.683333,2.166666667,0.00165056,,,,
8,9/19/16,1314.85,-1.05,-0.00079857,,,,
9,9/20/16,1313.8,12.3,0.00936216,,,,
10,9/21/16,1326.1,13,0.00980318,,,,
11,9/22/16,1339.1,-0.45,-0.00033605,,,,
12,9/23/16,1338.65,0.616666667,0.00046066,,,,
13,,1339.266667,0.616666667,0.00046045,,,,
14,,1339.883333,0.616666667,0.00046024,,,,
15,9/26/16,1340.5,-13.5,-0.01007087,,,,
16,9/27/16,1327,-4.5,-0.00339111,,,,
17,9/28/16,1322.5,-4.4,-0.00332703,,,,
18,9/29/16,1318.1,4.4,0.00333814,,,,
19,9/30/16,1322.5,-3.066666667,-0.00231884,,,,
20,,1319.433333,-3.066666667,-0.00232423,,,,
21,,1316.366667,-3.066666667,-0.00232964,,,,
22,2010/3/16,1313.3,-30,-0.02284322,,,,
23,2010/4/16,1283.3,-13.9,-0.01083145,,,,
24,2010/5/16,1269.4,-14.9,-0.01173783,,,,
25,2010/6/16,1254.5,4.25,0.0033878,,,,
26,2010/7/16,1258.75,0.25,0.00019861,,,,
27,,1259,0.25,0.00019857,,,,
28,,1259.25,0.25,0.00019853,,,,
29,2010/10/16,1259.5,-6.05,-0.00480349,,,,
30,2010/11/16,1253.45,3.05,0.00243328,,,,
31,2010/12/16,1256.5,4.55,0.00362117,,,,
32,10/13/16,1261.05,-9.3,-0.00737481,,,,
33,10/14/16,1251.75,1.016666667,0.0008122,,,,
34,,1252.766667,1.016666667,0.00081154,,,,
35,,1253.783333,1.016666667,0.00081088,,,,
36,10/17/16,1254.8,3.4,0.0027096,,,,
37,10/18/16,1258.2,10.85,0.00862343,,,,
38,10/19/16,1269.05,2.6,0.00204878,,,,
39,10/20/16,1271.65,-5.6,-0.00440373,,,,
40,10/21/16,1266.05,-0.166666667,-0.00013164,,,,
41,,1265.883333,-0.166666667,-0.00013166,,,,
42,,1265.716667,-0.166666667,-0.00013168,,,,
43,10/24/16,1265.55,3.85,0.00304216,,,,
44,10/25/16,1269.4,1.1,0.00086655,,,,
45,10/26/16,1270.5,-4.25,-0.00334514,,,,
46,10/27/16,1266.25,6.75,0.0053307,,,,
47,10/28/16,1273,-0.333333333,-0.00026185,,,,
48,,1272.666667,-0.333333333,-0.00026192,,,,
49,,1272.333333,-0.333333333,-0.00026199,,,,
50,10/31/16,1272,16.45,0.01293239,,,,
51,2011/1/16,1288.45,15.3,0.01187473,,,,
52,2011/2/16,1303.75,-2.75,-0.0021093,,,,
53,2011/3/16,1301,1.8,0.00138355,,,,
54,2011/4/16,1302.8,-6.583333333,-0.00505322,,,,
55,,1296.216667,-6.583333333,-0.00507888,,,,
56,,1289.633333,-6.583333333,-0.00510481,,,,
57,2011/7/16,1283.05,-0.7,-0.00054557,,,,
58,2011/8/16,1282.35,-0.95,-0.00074083,,,,
59,2011/9/16,1281.4,-13.9,-0.01084751,,,,
60,2011/10/16,1267.5,-31.05,-0.02449704,,,,
61,2011/11/16,1236.45,-7.616666667,-0.00616011,,,,
62,,1228.833333,-7.616666667,-0.00619829,,,,
63,,1221.216667,-7.616666667,-0.00623695,,,,
64,11/14/16,1213.6,13.35,0.01100033,,,,
65,11/15/16,1226.95,2.25,0.00183382,,,,
66,11/16/16,1229.2,-2.45,-0.00199317,,,,
67,11/17/16,1226.75,-15.75,-0.0128388,,,,
68,11/18/16,1211,1.083333333,0.00089458,,,,
69,,1212.083333,1.083333333,0.00089378,,,,
70,,1213.166667,1.083333333,0.00089298,,,,
71,11/21/16,1214.25,-2,-0.00164711,,,,
72,11/22/16,1212.25,-26.9,-0.02219014,,,,
73,11/23/16,1185.35,0.75,0.00063272,,,,
74,11/24/16,1186.1,1.6,0.00134896,,,,
75,11/25/16,1187.7,-0.233333333,-0.00019646,,,,
76,,1187.466667,-0.233333333,-0.0001965,,,,
77,,1187.233333,-0.233333333,-0.00019654,,,,
78,11/28/16,1187,-0.45,-0.00037911,,,,
79,11/29/16,1186.55,-8.45,-0.00712149,,,,
80,11/30/16,1178.1,-16.25,-0.0137934,,,,
81,2012/1/16,1161.85,11.65,0.01002711,,,,
82,2012/2/16,1173.5,-3.766666667,-0.00320977,,,,
83,,1169.733333,-3.766666667,-0.00322011,,,,
84,,1165.966667,-3.766666667,-0.00323051,,,,
85,2012/5/16,1162.2,10.3,0.0088625,,,,
86,2012/6/16,1172.5,5.15,0.00439232,,,,
87,2012/7/16,1177.65,-6.6,-0.00560438,,,,
88,2012/8/16,1171.05,-7.45,-0.00636181,,,,
89,2012/9/16,1163.6,-2.5,-0.0021485,,,,
90,,1161.1,-2.5,-0.00215313,,,,
91,,1158.6,-2.5,-0.00215778,,,,
92,2012/12/16,1156.1,2.45,0.00211919,,,,
93,12/13/16,1158.55,3.7,0.00319365,,,,
94,12/14/16,1162.25,-35.3,-0.03037212,,,,
95,12/15/16,1126.95,4.65,0.00412618,,,,
96,12/16/16,1131.6,1.55,0.00136974,,,,
97,,1133.15,1.55,0.00136787,,,,
98,,1134.7,1.55,0.001366,,,,
99,12/19/16,1136.25,-10.55,-0.00928493,,,,
100,12/20/16,1125.7,7.95,0.00706227,,,,
101,12/21/16,1133.65,-2.3,-0.00202884,,,,
102,12/22/16,1131.35,0.541666667,0.00047878,,,,
103,12/23/16,1131.891667,0.541666667,0.00047855,,,,
104,,1132.433333,0.541666667,0.00047832,,,,
105,,1132.975,0.541666667,0.00047809,,,,
106,,1133.516667,0.541666667,0.00047786,,,,
107,,1134.058333,0.541666667,0.00047764,,,,
108,12/28/16,1134.6,11.3,0.00995946,,,,
109,12/29/16,1145.9,1.02,0.00089013,,,,
110,12/30/16,1146.92,1.02,0.00088934,,,,
111,,1147.94,1.02,0.00088855,,,,
112,,1148.96,1.02,0.00088776,,,,
113,,1149.98,1.02,0.00088697,,,,
114,2001/3/17,1151,13.25,0.01151173,,,,
115,2001/4/17,1164.25,12.45,0.01069358,,,,
116,2001/5/17,1176.7,-0.85,-0.00072236,,,,
117,2001/6/17,1175.85,0.883333333,0.00075123,,,,
118,,1176.733333,0.883333333,0.00075067,,,,
119,,1177.616667,0.883333333,0.0007501,,,,
120,2001/9/17,1178.5,11,0.0093339,,,,
121,2001/10/17,1189.5,-10.95,-0.00920555,,,,
122,2001/11/17,1178.55,26.5,0.02248526,,,,
123,2001/12/17,1205.05,-14.7,-0.01219866,,,,
124,1/13/17,1190.35,4.216666667,0.00354238,,,,
125,,1194.566667,4.216666667,0.00352987,,,,
126,,1198.783333,4.216666667,0.00351746,,,,
127,1/16/17,1203,13.05,0.01084788,,,,
128,1/17/17,1216.05,-1.3,-0.00106903,,,,
129,1/18/17,1214.75,-18.7,-0.01539411,,,,
130,1/19/17,1196.05,4.5,0.00376238,,,,
131,1/20/17,1200.55,4.1,0.0034151,,,,
132,,1204.65,4.1,0.00340348,,,,
133,,1208.75,4.1,0.00339193,,,,
134,1/23/17,1212.85,3.95,0.00325679,,,,
135,1/24/17,1216.8,-21.8,-0.01791584,,,,
136,1/25/17,1195,-5.3,-0.00443515,,,,
137,1/26/17,1189.7,-4.85,-0.00407666,,,,
138,1/27/17,1184.85,2.65,0.00223657,,,,
139,,1187.5,2.65,0.00223158,,,,
140,,1190.15,2.65,0.00222661,,,,
141,1/30/17,1192.8,20,0.01676727,,,,
142,1/31/17,1212.8,-9.15,-0.00754453,,,,
143,2002/1/17,1203.65,18.3,0.01520376,,,,
144,2002/2/17,1221.95,-6.75,-0.00552396,,,,
145,2002/3/17,1215.2,3.85,0.0031682,,,,
146,,1219.05,3.85,0.0031582,,,,
147,,1222.9,3.85,0.00314825,,,,
148,2002/6/17,1226.75,4.25,0.00346444,,,,
149,2002/7/17,1231,11.1,0.00901706,,,,
150,2002/8/17,1242.1,-5.3,-0.00426697,,,,
151,2002/9/17,1236.8,-8.5,-0.00687257,,,,
152,2002/10/17,1228.3,-2.016666667,-0.00164184,,,,
153,,1226.283333,-2.016666667,-0.00164454,,,,
154,,1224.266667,-2.016666667,-0.00164724,,,,
155,2/13/17,1222.25,8.5,0.00695439,,,,
156,2/14/17,1230.75,-6.35,-0.00515946,,,,
157,2/15/17,1224.4,16.15,0.01319013,,,,
158,2/16/17,1240.55,1.4,0.00112853,,,,
159,2/17/17,1241.95,-1.55,-0.00124804,,,,
160,,1240.4,-1.55,-0.0012496,,,,
161,,1238.85,-1.55,-0.00125116,,,,
162,2/20/17,1237.3,-4.1,-0.00331367,,,,
163,2/21/17,1233.2,3.45,0.0027976,,,,
164,2/22/17,1236.65,11.25,0.00909716,,,,
165,2/23/17,1247.9,5.75,0.00460774,,,,
166,2/24/17,1253.65,1.183333333,0.00094391,,,,
167,,1254.833333,1.183333333,0.00094302,,,,
168,,1256.016667,1.183333333,0.00094213,,,,
169,2/27/17,1257.2,-1.6,-0.00127267,,,,
170,2/28/17,1255.6,-15.2,-0.01210577,,,,
171,2003/1/17,1240.4,-2.3,-0.00185424,,,,
172,2003/2/17,1238.1,-11.6,-0.00936919,,,,
173,2003/3/17,1226.5,1.483333333,0.0012094,,,,
174,,1227.983333,1.483333333,0.00120794,,,,
175,,1229.466667,1.483333333,0.00120649,,,,
176,2003/6/17,1230.95,-14.3,-0.01161704,,,,
177,2003/7/17,1216.65,-7.45,-0.00612337,,,,
178,2003/8/17,1209.2,-2.65,-0.00219153,,,,
179,2003/9/17,1206.55,-3.9,-0.00323236,,,,
180,2003/10/17,1202.65,0.516666667,0.00042961,,,,
181,,1203.166667,0.516666667,0.00042942,,,,
182,,1203.683333,0.516666667,0.00042924,,,,
183,3/13/17,1204.2,0.4,0.00033217,,,,
184,3/14/17,1204.6,-5.8,-0.00481488,,,,
185,3/15/17,1198.8,30.55,0.02548382,,,,
186,3/16/17,1229.35,0.25,0.00020336,,,,
187,3/17/17,1229.6,0.933333333,0.00075905,,,,
188,,1230.533333,0.933333333,0.00075848,,,,
189,,1231.466667,0.933333333,0.0007579,,,,
190,3/20/17,1232.4,9.2,0.00746511,,,,
191,3/21/17,1241.6,7.45,0.00600032,,,,
192,3/22/17,1249.05,-1.55,-0.00124094,,,,
193,3/23/17,1247.5,0,0,,,,
194,3/24/17,1247.5,3.35,0.00268537,,,,
195,,1250.85,3.35,0.00267818,,,,
196,,1254.2,3.35,0.00267103,,,,
197,3/27/17,1257.55,-0.3,-0.00023856,,,,
198,3/28/17,1257.25,-6.15,-0.00489163,,,,
199,3/29/17,1251.1,-2.3,-0.00183838,,,,
200,3/30/17,1248.8,-3.95,-0.00316304,,,,
201,3/31/17,1244.85,0.8,0.00064265,,,,
202,,1245.65,0.8,0.00064223,,,,
203,,1246.45,0.8,0.00064182,,,,
204,2004/3/17,1247.25,10.4,0.00833834,,,,
205,2004/4/17,1257.65,-11.85,-0.00942234,,,,
206,2004/5/17,1245.8,6.7,0.00537807,,,,
207,2004/6/17,1252.5,13.95,0.01113772,,,,
208,2004/7/17,1266.45,-5.466666667,-0.00431653,,,,
209,,1260.983333,-5.466666667,-0.00433524,,,,
210,,1255.516667,-5.466666667,-0.00435412,,,,
211,2004/10/17,1250.05,2.85,0.00227991,,,,
212,2004/11/17,1252.9,21.4,0.01708037,,,,
213,2004/12/17,1274.3,9.85,0.00772973,,,,
214,4/13/17,1284.15,-1.04,-0.00080987,,,,
215,,1283.11,-1.04,-0.00081053,,,,
216,,1282.07,-1.04,-0.00081119,,,,
217,,1281.03,-1.04,-0.00081185,,,,
218,,1279.99,-1.04,-0.00081251,,,,
219,4/18/17,1278.95,0.1,0.00007819,,,,
220,4/19/17,1279.05,3.05,0.00238458,,,,
221,4/20/17,1282.1,-0.25,-0.00019499,,,,
222,4/21/17,1281.85,-4.15,-0.00323751,,,,
223,,1277.7,-4.15,-0.00324802,,,,
224,,1273.55,-4.15,-0.00325861,,,,
225,4/24/17,1269.4,-1.6,-0.00126044,,,,
226,4/25/17,1267.8,-5.95,-0.00469317,,,,
227,4/26/17,1261.85,0.95,0.00075286,,,,
228,4/27/17,1262.8,3.65,0.0028904,,,,
229,4/28/17,1266.45,-2.75,-0.00217142,,,,
230,,1263.7,-2.75,-0.00217615,,,,
231,,1260.95,-2.75,-0.0021809,,,,
232,,1258.2,-2.75,-0.00218566,,,,
233,2005/2/17,1255.45,-5.15,-0.00410211,,,,
234,2005/3/17,1250.3,-21.85,-0.01747581,,,,
235,2005/4/17,1228.45,-0.4,-0.00032561,,,,
236,2005/5/17,1228.05,0.583333333,0.00047501,,,,
237,,1228.633333,0.583333333,0.00047478,,,,
238,,1229.216667,0.583333333,0.00047456,,,,
239,2005/8/17,1229.8,-9.4,-0.00764352,,,,
240,2005/9/17,1220.4,2.55,0.00208948,,,,
241,2005/10/17,1222.95,0.2,0.00016354,,,,
242,2005/11/17,1223.15,8.1,0.00662225,,,,
243,2005/12/17,1231.25,0.683333333,0.00055499,,,,
244,,1231.933333,0.683333333,0.00055468,,,,
245,,1232.616667,0.683333333,0.00055438,,,,
246,5/15/17,1233.3,0.9,0.00072975,,,,
247,5/16/17,1234.2,23.2,0.0187976,,,,
248,5/17/17,1257.4,-1.5,-0.00119294,,,,
249,5/18/17,1255.9,-3.9,-0.00310534,,,,
250,5/19/17,1252,2.283333333,0.00182375,,,,
251,,1254.283333,2.283333333,0.00182043,,,,
252,,1256.566667,2.283333333,0.00181712,,,,
253,5/22/17,1258.85,1.35,0.00107241,,,,
254,5/23/17,1260.2,-7.65,-0.00607047,,,,
255,5/24/17,1252.55,4.4,0.00351283,,,,
256,5/25/17,1256.95,8.1,0.00644417,,,,
257,5/26/17,1265.05,-0.783333333,-0.00061921,,,,
258,,1264.266667,-0.783333333,-0.0006196,,,,
259,,1263.483333,-0.783333333,-0.00061998,,,,
260,5/30/17,1262.7,3.5,0.00277184,,,,
261,5/31/17,1266.2,-1.35,-0.00106618,,,,
262,2006/1/17,1264.85,10.1,0.00798514,,,,
263,2006/2/17,1274.95,1.25,0.00098043,,,,
264,,1276.2,1.25,0.00097947,,,,
265,,1277.45,1.25,0.00097851,,,,
266,,1278.7,1.25,0.00097756,,,,
267,2006/5/17,1279.95,13.55,0.01058635,,,,
268,2006/6/17,1293.5,-2.5,-0.00193274,,,,
269,2006/7/17,1291,-17.9,-0.01386522,,,,
270,2006/8/17,1273.1,-6.55,-0.00514492,,,,
271,2006/9/17,1266.55,-0.05,-0.00003948,,,,
272,,1266.5,-0.05,-0.00003948,,,,
273,,1266.45,-0.05,-0.00003948,,,,
274,2006/12/17,1266.4,-4.4,-0.00347442,,,,
275,6/13/17,1262,13.5,0.01069731,,,,
276,6/14/17,1275.5,-20.95,-0.01642493,,,,
277,6/15/17,1254.55,0.85,0.00067753,,,,
278,6/16/17,1255.4,-2.416666667,-0.00192502,,,,
279,,1252.983333,-2.416666667,-0.00192873,,,,
280,,1250.566667,-2.416666667,-0.00193246,,,,
281,6/19/17,1248.15,-5.95,-0.00476706,,,,
282,6/20/17,1242.2,0.3,0.00024151,,,,
283,6/21/17,1242.5,8.3,0.00668008,,,,
284,6/22/17,1250.8,4.9,0.00391749,,,,
285,6/23/17,1255.7,-3.483333333,-0.00277402,,,,
286,,1252.216667,-3.483333333,-0.00278173,,,,
287,,1248.733333,-3.483333333,-0.00278949,,,,
288,6/26/17,1245.25,4.3,0.00345312,,,,
289,6/27/17,1249.55,-1.55,-0.00124045,,,,
290,6/28/17,1248,-4.5,-0.00360577,,,,
291,6/29/17,1243.5,-1.25,-0.00100523,,,,
292,6/30/17,1242.25,-4.333333333,-0.00348829,,,,
293,,1237.916667,-4.333333333,-0.0035005,,,,
294,,1233.583333,-4.333333333,-0.0035128,,,,
295,2007/3/17,1229.25,-5.5,-0.00447427,,,,
296,2007/4/17,1223.75,-3.45,-0.0028192,,,,
297,2007/5/17,1220.3,4.6,0.00376956,,,,
298,2007/6/17,1224.9,-9.25,-0.00755164,,,,
299,2007/7/17,1215.65,-1.25,-0.00102826,,,,
300,,1214.4,-1.25,-0.00102931,,,,
301,,1213.15,-1.25,-0.00103038,,,,
302,2007/10/17,1211.9,-0.85,-0.00070138,,,,
303,2007/11/17,1211.05,7.75,0.00639941,,,,
304,2007/12/17,1218.8,0.1,0.00008205,,,,
305,7/13/17,1218.9,11.4,0.0093527,,,,
306,7/14/17,1230.3,1.266666667,0.00102956,,,,
307,,1231.566667,1.266666667,0.0010285,,,,
308,,1232.833333,1.266666667,0.00102744,,,,
309,7/17/17,1234.1,6.65,0.00538854,,,,
310,7/18/17,1240.75,1.4,0.00112835,,,,
311,7/19/17,1242.15,-3.45,-0.00277744,,,,
312,7/20/17,1238.7,9.85,0.00795189,,,,
313,7/21/17,1248.55,2.333333333,0.00186883,,,,
314,,1250.883333,2.333333333,0.00186535,,,,
315,,1253.216667,2.333333333,0.00186188,,,,
316,7/24/17,1255.55,-1.15,-0.00091593,,,,
317,7/25/17,1254.4,-6.3,-0.00502232,,,,
318,7/26/17,1248.1,13,0.01041583,,,,
319,7/27/17,1261.1,3.8,0.00301324,,,,
320,7/28/17,1264.9,0.883333333,0.00069834,,,,
321,,1265.783333,0.883333333,0.00069786,,,,
322,,1266.666667,0.883333333,0.00069737,,,,
323,7/31/17,1267.55,3.4,0.00268234,,,,
324,2008/1/17,1270.95,-1.35,-0.0010622,,,,
325,2008/2/17,1269.6,-1.5,-0.00118147,,,,
326,2008/3/17,1268.1,-10.4,-0.00820125,,,,
327,2008/4/17,1257.7,0.1,0.00007951,,,,
328,,1257.8,0.1,0.0000795,,,,
329,,1257.9,0.1,0.0000795,,,,
330,2008/7/17,1258,3.8,0.00302067,,,,
331,2008/8/17,1261.8,9.25,0.0073308,,,,
332,2008/9/17,1271.05,13.35,0.01050313,,,,
333,2008/10/17,1284.4,1.7,0.00132358,,,,
334,2008/11/17,1286.1,-1.266666667,-0.00098489,,,,
335,,1284.833333,-1.266666667,-0.00098586,,,,
336,,1283.566667,-1.266666667,-0.00098683,,,,
337,8/14/17,1282.3,-12,-0.00935818,,,,
338,8/15/17,1270.3,2.45,0.00192868,,,,
339,8/16/17,1272.75,12.4,0.00974268,,,,
340,8/17/17,1285.15,10.65,0.00828697,,,,
341,8/18/17,1295.8,-0.966666667,-0.000746,,,,
342,,1294.833333,-0.966666667,-0.00074656,,,,
343,,1293.866667,-0.966666667,-0.00074711,,,,
344,8/21/17,1292.9,-8.7,-0.00672906,,,,
345,8/22/17,1284.2,2.45,0.0019078,,,,
346,8/23/17,1286.65,2.35,0.00182645,,,,
347,8/24/17,1289,-3.7,-0.00287044,,,,
348,8/25/17,1285.3,8.3375,0.00648681,,,,
349,,1293.6375,8.3375,0.006445,,,,
350,,1301.975,8.3375,0.00640373,,,,
351,,1310.3125,8.3375,0.00636299,,,,
352,8/29/17,1318.65,-10.15,-0.00769727,,,,
353,8/30/17,1308.5,3.25,0.00248376,,,,
354,8/31/17,1311.75,8.65,0.00659424,,,,
355,2009/1/17,1320.4,4.233333333,0.0032061,,,,
356,,1324.633333,4.233333333,0.00319585,,,,
357,,1328.866667,4.233333333,0.00318567,,,,
358,2009/4/17,1333.1,2.45,0.00183782,,,,
359,2009/5/17,1335.55,2.3,0.00172214,,,,
360,2009/6/17,1337.85,5.65,0.00422319,,,,
361,2009/7/17,1343.5,2.75,0.00204689,,,,
362,2009/8/17,1346.25,-4.016666667,-0.0029836,,,,
363,,1342.233333,-4.016666667,-0.00299252,,,,
364,,1338.216667,-4.016666667,-0.00300151,,,,
365,2009/11/17,1334.2,-7.7,-0.00577125,,,,
366,2009/12/17,1326.5,1.05,0.00079156,,,,
367,9/13/17,1327.55,-3,-0.0022598,,,,
368,9/14/17,1324.55,-1.7,-0.00128345,,,,
369,9/15/17,1322.85,-3.583333333,-0.0027088,,,,
370,,1319.266667,-3.583333333,-0.00271616,,,,
371,,1315.683333,-3.583333333,-0.00272355,,,,
372,9/18/17,1312.1,-2.5,-0.00190534,,,,
373,9/19/17,1309.6,1.7,0.00129811,,,,
374,9/20/17,1311.3,-19.2,-0.01464196,,,,
375,9/21/17,1292.1,2.7,0.00208962,,,,
376,9/22/17,1294.8,-0.5,-0.00038616,,,,
377,,1294.3,-0.5,-0.00038631,,,,
378,,1293.8,-0.5,-0.00038646,,,,
379,9/25/17,1293.3,6.75,0.00521921,,,,
380,9/26/17,1300.05,-17.5,-0.01346102,,,,
381,9/27/17,1282.55,0.8,0.00062376,,,,
382,9/28/17,1283.35,-0.25,-0.0001948,,,,
383,9/29/17,1283.1,-3.133333333,-0.002442,,,,
384,,1279.966667,-3.133333333,-0.00244798,,,,
385,,1276.833333,-3.133333333,-0.00245399,,,,
386,2010/2/17,1273.7,-2.45,-0.00192353,,,,
387,2010/3/17,1271.25,3,0.00235988,,,,
388,2010/4/17,1274.25,0.25,0.00019619,,,,
389,2010/5/17,1274.5,-12.7,-0.00996469,,,,
390,2010/6/17,1261.8,5.65,0.00447773,,,,
391,,1267.45,5.65,0.00445777,,,,
392,,1273.1,5.65,0.00443799,,,,
393,2010/9/17,1278.75,12.65,0.00989247,,,,
394,2010/10/17,1291.4,-2.15,-0.00166486,,,,
395,2010/11/17,1289.25,1,0.00077564,,,,
396,2010/12/17,1290.25,9.35,0.00724666,,,,
397,10/13/17,1299.6,1.233333333,0.00094901,,,,
398,,1300.833333,1.233333333,0.00094811,,,,
399,,1302.066667,1.233333333,0.00094721,,,,
400,10/16/17,1303.3,-18.55,-0.0142331,,,,
401,10/17/17,1284.75,-4.55,-0.00354155,,,,
402,10/18/17,1280.2,6.2,0.00484299,,,,
403,10/19/17,1286.4,-5.2,-0.00404229,,,,
404,10/20/17,1281.2,-2.1,-0.00163909,,,,
405,,1279.1,-2.1,-0.00164178,,,,
406,,1277,-2.1,-0.00164448,,,,
407,10/23/17,1274.9,1.55,0.00121578,,,,
408,10/24/17,1276.45,-1.45,-0.00113596,,,,
409,10/25/17,1275,-1.25,-0.00098039,,,,
410,10/26/17,1273.75,-7.3,-0.00573111,,,,
411,10/27/17,1266.45,1.85,0.00146078,,,,
412,,1268.3,1.85,0.00145865,,,,
413,,1270.15,1.85,0.00145652,,,,
414,10/30/17,1272,-1.85,-0.0014544,,,,
415,10/31/17,1270.15,6.9,0.00543243,,,,
416,2011/1/17,1277.05,2.15,0.00168357,,,,
417,2011/2/17,1279.2,-12,-0.00938086,,,,
418,2011/3/17,1267.2,1.233333333,0.00097327,,,,
419,,1268.433333,1.233333333,0.00097233,,,,
420,,1269.666667,1.233333333,0.00097138,,,,
421,2011/6/17,1270.9,4.7,0.00369817,,,,
422,2011/7/17,1275.6,8.4,0.00658514,,,,
423,2011/8/17,1284,0.8,0.00062305,,,,
424,2011/9/17,1284.8,-0.5,-0.00038917,,,,
425,2011/10/17,1284.3,-2.116666667,-0.00164811,,,,
426,,1282.183333,-2.116666667,-0.00165083,,,,
427,,1280.066667,-2.116666667,-0.00165356,,,,
428,11/13/17,1277.95,-3.35,-0.00262139,,,,
429,11/14/17,1274.6,7.6,0.00596265,,,,
430,11/15/17,1282.2,-2.2,-0.0017158,,,,
431,11/16/17,1280,4.35,0.00339844,,,,
432,11/17/17,1284.35,0.616666667,0.00048014,,,,
433,,1284.966667,0.616666667,0.00047991,,,,
434,,1285.583333,0.616666667,0.00047968,,,,
435,11/20/17,1286.2,-2.9,-0.0022547,,,,
436,11/21/17,1283.3,3.65,0.00284423,,,,
437,11/22/17,1286.95,3.4,0.00264191,,,,
438,11/23/17,1290.35,0.15,0.00011625,,,,
439,11/24/17,1290.5,1.466666667,0.00113651,,,,
440,,1291.966667,1.466666667,0.00113522,,,,
441,,1293.433333,1.466666667,0.00113393,,,,
442,11/27/17,1294.9,-3.05,-0.00235539,,,,
443,11/28/17,1291.85,-8,-0.00619267,,,,
444,11/29/17,1283.85,-3.65,-0.00284301,,,,
445,11/30/17,1280.2,-4.7,-0.0036713,,,,
446,2012/1/17,1275.5,-0.683333333,-0.00053574,,,,
447,,1274.816667,-0.683333333,-0.00053602,,,,
448,,1274.133333,-0.683333333,-0.00053631,,,,
449,2012/4/17,1273.45,-7.15,-0.00561467,,,,
450,2012/5/17,1266.3,-2.6,-0.00205323,,,,
451,2012/6/17,1263.7,-8.7,-0.00688455,,,,
452,2012/7/17,1255,-4.35,-0.00346614,,,,
453,2012/8/17,1250.65,-1.166666667,-0.00093285,,,,
454,,1249.483333,-1.166666667,-0.00093372,,,,
455,,1248.316667,-1.166666667,-0.00093459,,,,
456,2012/11/17,1247.15,-6.25,-0.00501143,,,,
457,2012/12/17,1240.9,1.75,0.00141027,,,,
458,12/13/17,1242.65,8.35,0.00671951,,,,
459,12/14/17,1251,3.6,0.0028777,,,,
460,12/15/17,1254.6,2,0.00159413,,,,
461,,1256.6,2,0.0015916,,,,
462,,1258.6,2,0.00158907,,,,
463,12/18/17,1260.6,-0.25,-0.00019832,,,,
464,12/19/17,1260.35,4.2,0.00333241,,,,
465,12/20/17,1264.55,0,0,,,,
466,12/21/17,1264.55,2.475,0.00195722,,,,
467,12/22/17,1267.025,2.475,0.00195339,,,,
468,,1269.5,2.475,0.00194959,,,,
469,,1271.975,2.475,0.00194579,,,,
470,,1274.45,2.475,0.00194201,,,,
471,,1276.925,2.475,0.00193825,,,,
472,12/27/17,1279.4,11.6,0.00906675,,,,
473,12/28/17,1291,4.21,0.00326104,,,,
474,12/29/17,1295.21,4.21,0.00325044,,,,
475,,1299.42,4.21,0.00323991,,,,
476,,1303.63,4.21,0.00322944,,,,
477,,1307.84,4.21,0.00321905,,,,
478,2001/2/18,1312.05,2.85,0.00217217,,,,
479,2001/3/18,1314.9,-0.4,-0.00030421,,,,
480,2001/4/18,1314.5,2.65,0.00201598,,,,
481,2001/5/18,1317.15,0.933333333,0.0007086,,,,
482,,1318.083333,0.933333333,0.0007081,,,,
483,,1319.016667,0.933333333,0.0007076,,,,
484,2001/8/18,1319.95,-8.95,-0.00678056,,,,
485,2001/9/18,1311,8.75,0.00667429,,,,
486,2001/10/18,1319.75,3.3,0.00250047,,,,
487,2001/11/18,1323.05,3.75,0.00283436,,,,
488,2001/12/18,1326.8,4.15,0.00312783,,,,
489,,1330.95,4.15,0.00311807,,,,
490,,1335.1,4.15,0.00310838,,,,
491,1/15/18,1339.25,-5.4,-0.00403211,,,,
492,1/16/18,1333.85,1.8,0.00134948,,,,
493,1/17/18,1335.65,-3.45,-0.00258301,,,,
494,1/18/18,1332.2,2.75,0.00206425,,,,
495,1/19/18,1334.95,-0.783333333,-0.00058679,,,,
496,,1334.166667,-0.783333333,-0.00058713,,,,
497,,1333.383333,-0.783333333,-0.00058748,,,,
498,1/22/18,1332.6,0.8,0.00060033,,,,
499,1/23/18,1333.4,20.3,0.01522424,,,,
500,1/24/18,1353.7,1.25,0.0009234,,,,
501,1/25/18,1354.95,-1.8,-0.00132846,,,,
502,1/26/18,1353.15,-3.1,-0.00229095,,,,
503,,1350.05,-3.1,-0.00229621,,,,
504,,1346.95,-3.1,-0.0023015,,,,
505,1/29/18,1343.85,1.05,0.00078134,,,,
506,1/30/18,1344.9,0.15,0.00011153,,,,
507,1/31/18,1345.05,-3.7,-0.00275083,,,,
508,2002/1/18,1341.35,-10.2,-0.00760428,,,,
509,2002/2/18,1331.15,0.816666667,0.0006135,,,,
510,,1331.966667,0.816666667,0.00061313,,,,
511,,1332.783333,0.816666667,0.00061275,,,,
512,2002/5/18,1333.6,-2.2,-0.00164967,,,,
513,2002/6/18,1331.4,-6.75,-0.00506985,,,,
514,2002/7/18,1324.65,-9.2,-0.00694523,,,,
515,2002/8/18,1315.45,-1.35,-0.00102626,,,,
516,2002/9/18,1314.1,2.733333333,0.00208,,,,
517,,1316.833333,2.733333333,0.00207569,,,,
518,,1319.566667,2.733333333,0.00207139,,,,
519,2002/12/18,1322.3,3.05,0.00230659,,,,
520,2/13/18,1325.35,10.9,0.00822424,,,,
521,2/14/18,1336.25,16.2,0.01212348,,,,
522,2/15/18,1352.45,-0.35,-0.00025879,,,,
523,2/16/18,1352.1,-1.833333333,-0.00135592,,,,
524,,1350.266667,-1.833333333,-0.00135776,,,,
525,,1348.433333,-1.833333333,-0.0013596,,,,
526,2/19/18,1346.6,-6.75,-0.00501262,,,,
527,2/20/18,1339.85,-9.35,-0.00697839,,,,
528,2/21/18,1330.5,-2.15,-0.00161593,,,,
529,2/22/18,1328.35,-0.4,-0.00030113,,,,
530,2/23/18,1327.95,1.85,0.00139312,,,,
531,,1329.8,1.85,0.00139119,,,,
532,,1331.65,1.85,0.00138925,,,,
533,2/26/18,1333.5,-7.75,-0.00581177,,,,
534,2/27/18,1325.75,-7.9,-0.00595889,,,,
535,2/28/18,1317.85,-10.1,-0.007664,,,,
536,2003/1/18,1307.75,14.55,0.01112598,,,,
537,2003/2/18,1322.3,-0.633333333,-0.00047896,,,,
538,,1321.666667,-0.633333333,-0.00047919,,,,
539,,1321.033333,-0.633333333,-0.00047942,,,,
540,2003/5/18,1320.4,11,0.00833081,,,,
541,2003/6/18,1331.4,-2,-0.00150218,,,,
542,2003/7/18,1329.4,-8.4,-0.00631864,,,,
543,2003/8/18,1321,-0.4,-0.0003028,,,,
544,2003/9/18,1320.6,-0.483333333,-0.000366,,,,
545,,1320.116667,-0.483333333,-0.00036613,,,,
546,,1319.633333,-0.483333333,-0.00036626,,,,
547,2003/12/18,1319.15,3.6,0.00272903,,,,
548,3/13/18,1322.75,0.8,0.0006048,,,,
549,3/14/18,1323.55,-4.8,-0.00362661,,,,
550,3/15/18,1318.75,-8.65,-0.00655924,,,,
551,3/16/18,1310.1,0.766666667,0.0005852,,,,
552,,1310.866667,0.766666667,0.00058485,,,,
553,,1311.633333,0.766666667,0.00058451,,,,
554,3/19/18,1312.4,-1.4,-0.00106675,,,,
555,3/20/18,1311,10.35,0.00789474,,,,
556,3/21/18,1321.35,7.8,0.00590305,,,,
557,3/22/18,1329.15,17.45,0.01312869,,,,
558,3/23/18,1346.6,1.933333333,0.00143571,,,,
559,,1348.533333,1.933333333,0.00143366,,,,
560,,1350.466667,1.933333333,0.0014316,,,,
561,3/26/18,1352.4,-10.95,-0.00809672,,,,
562,3/27/18,1341.45,-9,-0.00670916,,,,
563,3/28/18,1332.45,-8.6,-0.00645428,,,,
564,3/29/18,1323.85,1.92,0.00145032,,,,
565,,1325.77,1.92,0.00144821,,,,
566,,1327.69,1.92,0.00144612,,,,
567,,1329.61,1.92,0.00144403,,,,
568,,1331.53,1.92,0.00144195,,,,
569,2004/3/18,1333.45,3.85,0.00288725,,,,
570,2004/4/18,1337.3,-9.6,-0.00717864,,,,
571,2004/5/18,1327.7,3.5,0.00263614,,,,
572,2004/6/18,1331.2,0.25,0.0001878,,,,
573,,1331.45,0.25,0.00018777,,,,
574,,1331.7,0.25,0.00018773,,,,
575,2004/9/18,1331.95,7,0.00525545,,,,
576,2004/10/18,1338.95,11.8,0.00881288,,,,
577,2004/11/18,1350.75,-9.4,-0.0069591,,,,
578,2004/12/18,1341.35,2.35,0.00175197,,,,
579,4/13/18,1343.7,1.883333333,0.0014016,,,,
580,,1345.583333,1.883333333,0.00139964,,,,
581,,1347.466667,1.883333333,0.00139768,,,,
582,4/16/18,1349.35,-7.25,-0.00537296,,,,
583,4/17/18,1342.1,9.35,0.00696669,,,,
584,4/18/18,1351.45,-2.85,-0.00210885,,,,
585,4/19/18,1348.6,-11.85,-0.00878689,,,,
586,4/20/18,1336.75,-4.15,-0.00310454,,,,
587,,1332.6,-4.15,-0.00311421,,,,
588,,1328.45,-4.15,-0.00312394,,,,
589,4/23/18,1324.3,4.55,0.00343578,,,,
590,4/24/18,1328.85,-7.2,-0.00541822,,,,
591,4/25/18,1321.65,-0.95,-0.0007188,,,,
592,4/26/18,1320.7,0.8,0.00060574,,,,
593,4/27/18,1321.5,-2.766666667,-0.00209358,,,,
594,,1318.733333,-2.766666667,-0.00209797,,,,
595,,1315.966667,-2.766666667,-0.00210238,,,,
596,4/30/18,1313.2,-6.1,-0.00464514,,,,
597,2005/1/18,1307.1,-2.9,-0.00221865,,,,
598,2005/2/18,1304.2,10.85,0.00831928,,,,
599,2005/3/18,1315.05,-5.65,-0.00429641,,,,
600,2005/4/18,1309.4,-0.7,-0.0005346,,,,
601,,1308.7,-0.7,-0.00053488,,,,
602,,1308,-0.7,-0.00053517,,,,
603,,1307.3,-0.7,-0.00053545,,,,
604,2005/8/18,1306.6,7.25,0.00554875,,,,
605,2005/9/18,1313.85,4.95,0.00376755,,,,
606,2005/10/18,1318.8,5.55,0.00420837,,,,
607,2005/11/18,1324.35,-1.5,-0.00113263,,,,
608,,1322.85,-1.5,-0.00113392,,,,
609,,1321.35,-1.5,-0.0011352,,,,
610,5/14/18,1319.85,-24.85,-0.0188279,,,,
611,5/15/18,1295,-3.75,-0.00289575,,,,
612,5/16/18,1291.25,-1.75,-0.00135528,,,,
613,5/17/18,1289.5,-1.2,-0.00093059,,,,
614,5/18/18,1288.3,0.016666667,0.00001294,,,,
615,,1288.316667,0.016666667,0.00001294,,,,
616,,1288.333333,0.016666667,0.00001294,,,,
617,5/21/18,1288.35,4.7,0.00364808,,,,
618,5/22/18,1293.05,-4.05,-0.00313213,,,,
619,5/23/18,1289,15.85,0.01229635,,,,
620,5/24/18,1304.85,-1.35,-0.0010346,,,,
621,5/25/18,1303.5,-2,-0.00153433,,,,
622,,1301.5,-2,-0.00153669,,,,
623,,1299.5,-2,-0.00153905,,,,
624,,1297.5,-2,-0.00154143,,,,
625,5/29/18,1295.5,5.2,0.00401389,,,,
626,5/30/18,1300.7,4.65,0.003575,,,,
627,5/31/18,1305.35,-10.75,-0.00823534,,,,
628,2006/1/18,1294.6,0.283333333,0.00021886,,,,
629,,1294.883333,0.283333333,0.00021881,,,,
630,,1295.166667,0.283333333,0.00021876,,,,
631,2006/4/18,1295.45,-3.4,-0.00262457,,,,
632,2006/5/18,1292.05,8.05,0.00623041,,,,
633,2006/6/18,1300.1,-2.85,-0.00219214,,,,
634,2006/7/18,1297.25,1,0.00077086,,,,
635,2006/8/18,1298.25,0.45,0.00034662,,,,
636,,1298.7,0.45,0.0003465,,,,
637,,1299.15,0.45,0.00034638,,,,
638,2006/11/18,1299.6,-0.95,-0.00073099,,,,
639,2006/12/18,1298.65,-2.5,-0.00192508,,,,
640,6/13/18,1296.15,6.6,0.005092,,,,
641,6/14/18,1302.75,-17.5,-0.01343312,,,,
642,6/15/18,1285.25,-1.233333333,-0.00095961,,,,
643,,1284.016667,-1.233333333,-0.00096053,,,,
644,,1282.783333,-1.233333333,-0.00096145,,,,
645,6/18/18,1281.55,-5.4,-0.00421365,,,,
646,6/19/18,1276.15,-1.95,-0.00152803,,,,
647,6/20/18,1274.2,-8.05,-0.00631769,,,,
648,6/21/18,1266.15,3,0.00236939,,,,
649,6/22/18,1269.15,-0.15,-0.00011819,,,,
650,,1269,-0.15,-0.0001182,,,,
651,,1268.85,-0.15,-0.00011822,,,,
652,6/25/18,1268.7,-8.4,-0.00662095,,,,
653,6/26/18,1260.3,-5.7,-0.00452273,,,,
654,6/27/18,1254.6,-3.05,-0.00243105,,,,
655,6/28/18,1251.55,-1.1,-0.00087891,,,,
656,6/29/18,1250.45,-0.883333333,-0.00070641,,,,
657,,1249.566667,-0.883333333,-0.00070691,,,,
658,,1248.683333,-0.883333333,-0.00070741,,,,
659,2007/2/18,1247.8,3.95,0.00316557,,,,
660,2007/3/18,1251.75,3.9,0.00311564,,,,
661,2007/4/18,1255.65,-0.15,-0.00011946,,,,
662,2007/5/18,1255.5,-0.15,-0.00011947,,,,
663,2007/6/18,1255.35,2.233333333,0.00177905,,,,
664,,1257.583333,2.233333333,0.00177589,,,,
665,,1259.816667,2.233333333,0.00177274,,,,
666,2007/9/18,1262.05,-8.05,-0.00637851,,,,
667,2007/10/18,1254,-2.6,-0.00207337,,,,
668,2007/11/18,1251.4,-5.5,-0.00439508,,,,
669,2007/12/18,1245.9,-4.2,-0.00337106,,,,
670,7/13/18,1241.7,-0.2,-0.00016107,,,,
671,,1241.5,-0.2,-0.0001611,,,,
672,,1241.3,-0.2,-0.00016112,,,,
673,7/16/18,1241.1,-8.3,-0.00668762,,,,
674,7/17/18,1232.8,-8.3,-0.00673264,,,,
675,7/18/18,1224.5,-6.95,-0.00567579,,,,
676,7/19/18,1217.55,11.2,0.0091988,,,,
677,7/20/18,1228.75,-1.266666667,-0.00103086,,,,
678,,1227.483333,-1.266666667,-0.00103192,,,,
679,,1226.216667,-1.266666667,-0.00103299,,,,
680,7/23/18,1224.95,3.4,0.00277562,,,,
681,7/24/18,1228.35,3.15,0.00256442,,,,
682,7/25/18,1231.5,-3.25,-0.00263906,,,,
683,7/26/18,1228.25,-4.3,-0.00350092,,,,
684,7/27/18,1223.95,-0.05,-0.00004085,,,,
685,,1223.9,-0.05,-0.00004085,,,,
686,,1223.85,-0.05,-0.00004085,,,,
687,7/30/18,1223.8,-2.85,-0.00232881,,,,
688,7/31/18,1220.95,-1.95,-0.00159712,,,,
689,2008/1/18,1219,-3.55,-0.00291222,,,,
690,2008/2/18,1215.45,0.85,0.00069933,,,,
691,2008/3/18,1216.3,-2.216666667,-0.00182247,,,,
692,,1214.083333,-2.216666667,-0.00182579,,,,
693,,1211.866667,-2.216666667,-0.00182913,,,,
694,2008/6/18,1209.65,2.7,0.00223205,,,,
695,2008/7/18,1212.35,-2.8,-0.00230956,,,,
696,2008/8/18,1209.55,4.8,0.00396842,,,,
697,2008/9/18,1214.35,0.05,0.00004117,,,,
698,2008/10/18,1214.4,-4.683333333,-0.0038565,,,,
699,,1209.716667,-4.683333333,-0.00387143,,,,
700,,1205.033333,-4.683333333,-0.00388648,,,,
701,8/13/18,1200.35,-3.35,-0.00279085,,,,
702,8/14/18,1197,-15,-0.01253133,,,,
703,8/15/18,1182,-1.6,-0.00135364,,,,
704,8/16/18,1180.4,-2,-0.00169434,,,,
705,8/17/18,1178.4,1.983333333,0.00168307,,,,
706,,1180.383333,1.983333333,0.00168025,,,,
707,,1182.366667,1.983333333,0.00167743,,,,
708,8/20/18,1184.35,6.6,0.00557268,,,,
709,8/21/18,1190.95,5.7,0.0047861,,,,
710,8/22/18,1196.65,-4.3,-0.00359336,,,,
711,8/23/18,1192.35,5.35,0.00448694,,,,
712,8/24/18,1197.7,4.85,0.00404943,,,,
713,,1202.55,4.85,0.0040331,,,,
714,,1207.4,4.85,0.0040169,,,,
715,8/28/18,1212.25,-8.05,-0.00664054,,,,
716,8/29/18,1204.2,-6.9,-0.00572995,,,,
717,8/30/18,1197.3,5.15,0.00430134,,,,
718,8/31/18,1202.45,-0.6,-0.00049898,,,,
719,,1201.85,-0.6,-0.00049923,,,,
720,,1201.25,-0.6,-0.00049948,,,,
721,,1200.65,-0.6,-0.00049973,,,,
722,2009/3/18,1200.05,-9.2,-0.00766635,,,,
723,2009/4/18,1190.85,5.85,0.00491246,,,,
724,2009/5/18,1196.7,8.45,0.00706108,,,,
725,2009/6/18,1205.15,-6.25,-0.00518608,,,,
726,2009/7/18,1198.9,-0.766666667,-0.00063948,,,,
727,,1198.133333,-0.766666667,-0.00063988,,,,
728,,1197.366667,-0.766666667,-0.00064029,,,,
729,2009/10/18,1196.6,-6.75,-0.00564098,,,,
730,2009/11/18,1189.85,5.75,0.00483254,,,,
731,2009/12/18,1195.6,14.2,0.01187688,,,,
732,9/13/18,1209.8,-7.85,-0.00648868,,,,
733,9/14/18,1201.95,-0.016666667,-0.00001387,,,,
734,,1201.933333,-0.016666667,-0.00001387,,,,
735,,1201.916667,-0.016666667,-0.00001387,,,,
736,9/17/18,1201.9,-1.7,-0.00141443,,,,
737,9/18/18,1200.2,3.1,0.0025829,,,,
738,9/19/18,1203.3,5.05,0.00419679,,,,
739,9/20/18,1208.35,-9.65,-0.0079861,,,,
740,9/21/18,1198.7,1.35,0.00112622,,,,
741,,1200.05,1.35,0.00112495,,,,
742,,1201.4,1.35,0.00112369,,,,
743,9/24/18,1202.75,-0.85,-0.00070671,,,,
744,9/25/18,1201.9,-7.65,-0.00636492,,,,
745,9/26/18,1194.25,-8.85,-0.00741051,,,,
746,9/27/18,1185.4,1.85,0.00156065,,,,
747,9/28/18,1187.25,0.7,0.0005896,,,,
748,,1187.95,0.7,0.00058925,,,,
749,,1188.65,0.7,0.0005889,,,,
750,2010/1/18,1189.35,15.35,0.01290621,,,,
751,2010/2/18,1204.7,-3.5,-0.00290529,,,,
752,2010/3/18,1201.2,2.25,0.00187313,,,,
753,2010/4/18,1203.45,0.35,0.00029083,,,,
754,2010/5/18,1203.8,-5.616666667,-0.00466578,,,,
755,,1198.183333,-5.616666667,-0.00468765,,,,
756,,1192.566667,-5.616666667,-0.00470973,,,,
757,2010/8/18,1186.95,-1.4,-0.00117949,,,,
758,2010/9/18,1185.55,3.05,0.00257265,,,,
759,2010/10/18,1188.6,16.95,0.01426047,,,,
760,2010/11/18,1205.55,14.2,0.01177886,,,,
761,2010/12/18,1219.75,3.4,0.00278746,,,,
762,,1223.15,3.4,0.00277971,,,,
763,,1226.55,3.4,0.002772,,,,
764,10/15/18,1229.95,0.75,0.00060978,,,,
765,10/16/18,1230.7,-1.65,-0.0013407,,,,
766,10/17/18,1229.05,-6.05,-0.0049225,,,,
767,10/18/18,1223,4.85,0.00396566,,,,
768,10/19/18,1227.85,-1.85,-0.0015067,,,,
769,,1226,-1.85,-0.00150897,,,,
770,,1224.15,-1.85,-0.00151125,,,,
771,10/22/18,1222.3,13.65,0.01116747,,,,
772,10/23/18,1235.95,-5.4,-0.00436911,,,,
773,10/24/18,1230.55,0.25,0.00020316,,,,
774,10/25/18,1230.8,3.05,0.00247806,,,,
775,10/26/18,1233.85,-1.016666667,-0.00082398,,,,
776,,1232.833333,-1.016666667,-0.00082466,,,,
777,,1231.816667,-1.016666667,-0.00082534,,,,
778,10/29/18,1230.8,-5.4,-0.00438739,,,,
779,10/30/18,1225.4,-10.45,-0.00852783,,,,
780,10/31/18,1214.95,16.2,0.01333388,,,,
781,2011/1/18,1231.15,0.95,0.00077164,,,,
782,2011/2/18,1232.1,0.05,0.00004058,,,,
783,,1232.15,0.05,0.00004058,,,,
784,,1232.2,0.05,0.00004058,,,,
785,2011/5/18,1232.25,-0.65,-0.00052749,,,,
786,2011/6/18,1231.6,-1.65,-0.00133972,,,,
787,2011/7/18,1229.95,-5.8,-0.00471564,,,,
788,2011/8/18,1224.15,-12.75,-0.01041539,,,,
789,2011/9/18,1211.4,-1.95,-0.00160971,,,,
790,,1209.45,-1.95,-0.0016123,,,,
791,,1207.5,-1.95,-0.00161491,,,,
792,2011/12/18,1205.55,-3.45,-0.00286176,,,,
793,11/13/18,1202.1,1.15,0.00095666,,,,
794,11/14/18,1203.25,8.6,0.00714731,,,,
795,11/15/18,1211.85,10.55,0.0087057,,,,
796,11/16/18,1222.4,-0.266666667,-0.00021815,,,,
797,,1222.133333,-0.266666667,-0.0002182,,,,
798,,1221.866667,-0.266666667,-0.00021825,,,,
799,11/19/18,1221.6,1.4,0.00114604,,,,
800,11/20/18,1223,3.1,0.00253475,,,,
801,11/21/18,1226.1,0.95,0.00077481,,,,
802,11/22/18,1227.05,-3.4,-0.00277087,,,,
803,11/23/18,1223.65,-0.083333333,-0.0000681,,,,
804,,1223.566667,-0.083333333,-0.00006811,,,,
805,,1223.483333,-0.083333333,-0.00006811,,,,
806,11/26/18,1223.4,-2.2,-0.00179827,,,,
807,11/27/18,1221.2,-7.95,-0.00650999,,,,
808,11/28/18,1213.25,13,0.01071502,,,,
809,11/29/18,1226.25,-8.7,-0.0070948,,,,
810,11/30/18,1217.55,4.25,0.00349062,,,,
811,,1221.8,4.25,0.00347847,,,,
812,,1226.05,4.25,0.00346642,,,,
813,2012/3/18,1230.3,10,0.0081281,,,,
814,2012/4/18,1240.3,-4.4,-0.00354753,,,,
815,2012/5/18,1235.9,6.65,0.00538069,,,,
816,2012/6/18,1242.55,0.75,0.0006036,,,,
817,2012/7/18,1243.3,0.683333333,0.00054961,,,,
818,,1243.983333,0.683333333,0.00054931,,,,
819,,1244.666667,0.683333333,0.00054901,,,,
820,2012/10/18,1245.35,-0.05,-0.00004015,,,,
821,2012/11/18,1245.3,0.45,0.00036136,,,,
822,2012/12/18,1245.75,-3,-0.00240819,,,,
823,12/13/18,1242.75,-7.4,-0.00595454,,,,
824,12/14/18,1235.35,2.1,0.00169992,,,,
825,,1237.45,2.1,0.00169704,,,,
826,,1239.55,2.1,0.00169416,,,,
827,12/17/18,1241.65,4.65,0.00374502,,,,
828,12/18/18,1246.3,8.7,0.00698066,,,,
829,12/19/18,1255,4.75,0.00378486,,,,
830,12/20/18,1259.75,-1.6,-0.00127009,,,,
831,12/21/18,1258.15,1.641666667,0.00130483,,,,
832,,1259.791667,1.641666667,0.00130313,,,,
833,,1261.433333,1.641666667,0.00130143,,,,
834,12/24/18,1263.075,1.641666667,0.00129974,,,,
835,,1264.716667,1.641666667,0.00129805,,,,
836,,1266.358333,1.641666667,0.00129637,,,,
837,12/27/18,1268,11,0.00867508,,,,
838,12/28/18,1279,0.78,0.00060985,,,,
839,,1279.78,0.78,0.00060948,,,,
840,,1280.56,0.78,0.00060911,,,,
841,12/31/18,1281.34,0.78,0.00060874,,,,
842,,1282.12,0.78,0.00060837,,,,
843,2001/2/19,1282.9,7.55,0.0058851,,,,
844,2001/3/19,1290.45,-10.55,-0.00817544,,,,
845,2001/4/19,1279.9,4.1,0.00320338,,,,
846,,1284,4.1,0.00319315,,,,
847,,1288.1,4.1,0.00318298,,,,
848,2001/7/19,1292.2,-5.75,-0.00444978,,,,
849,2001/8/19,1286.45,2.15,0.00167127,,,,
850,2001/9/19,1288.6,3.3,0.00256092,,,,
851,2001/10/19,1291.9,-2.95,-0.00228346,,,,
852,2001/11/19,1288.95,1.266666667,0.00098271,,,,
853,,1290.216667,1.266666667,0.00098175,,,,
854,,1291.483333,1.266666667,0.00098078,,,,
855,1/14/19,1292.75,1.65,0.00127635,,,,
856,1/15/19,1294.4,-2.1,-0.00162237,,,,
857,1/16/19,1292.3,-1.6,-0.0012381,,,,
858,1/17/19,1290.7,-6.5,-0.00503603,,,,
859,1/18/19,1284.2,-1.55,-0.00120698,,,,
860,,1282.65,-1.55,-0.00120844,,,,
861,,1281.1,-1.55,-0.0012099,,,,
862,1/21/19,1279.55,2.55,0.00199289,,,,
863,1/22/19,1282.1,-2.3,-0.00179393,,,,
864,1/23/19,1279.8,3.9,0.00304735,,,,
865,1/24/19,1283.7,10.2,0.00794578,,,,
866,1/25/19,1293.9,2.75,0.00212536,,,,
867,,1296.65,2.75,0.00212085,,,,
868,,1299.4,2.75,0.00211636,,,,
869,1/28/19,1302.15,5.4,0.00414699,,,,
870,1/29/19,1307.55,3.15,0.00240909,,,,
871,1/30/19,1310.7,12.55,0.00957504,,,,
872,1/31/19,1323.25,-4.55,-0.0034385,,,,
873,2002/1/19,1318.7,-2.183333333,-0.00165567,,,,
874,,1316.516667,-2.183333333,-0.00165842,,,,
875,,1314.333333,-2.183333333,-0.00166117,,,,
876,2002/4/19,1312.15,2.05,0.00156232,,,,
877,2002/5/19,1314.2,-1.8,-0.00136965,,,,
878,2002/6/19,1312.4,-2.4,-0.00182871,,,,
879,2002/7/19,1310,4.85,0.00370229,,,,
880,2002/8/19,1314.85,-2.816666667,-0.0021422,,,,
881,,1312.033333,-2.816666667,-0.0021468,,,,
882,,1309.216667,-2.816666667,-0.00215141,,,,
883,2002/11/19,1306.4,3.6,0.00275566,,,,
884,2002/12/19,1310,2.8,0.0021374,,,,
885,2/13/19,1312.8,-1.35,-0.00102834,,,,
886,2/14/19,1311.45,5.1,0.00388883,,,,
887,2/15/19,1316.55,2.983333333,0.00226602,,,,
888,,1319.533333,2.983333333,0.0022609,,,,
889,,1322.516667,2.983333333,0.0022558,,,,
890,2/18/19,1325.5,8.65,0.00652584,,,,
891,2/19/19,1334.15,9.6,0.00719559,,,,
892,2/20/19,1343.75,-12.5,-0.00930233,,,,
893,2/21/19,1331.25,-2.2,-0.00165258,,,,
894,2/22/19,1329.05,0.666666667,0.00050161,,,,
895,,1329.716667,0.666666667,0.00050136,,,,
896,,1330.383333,0.666666667,0.00050111,,,,
897,2/25/19,1331.05,-6,-0.00450772,,,,
898,2/26/19,1325.05,-2.2,-0.00166031,,,,
899,2/27/19,1322.85,-3.7,-0.00279699,,,,
900,2/28/19,1319.15,-7.2,-0.00545806,,,,
901,2003/1/19,1311.95,-8.85,-0.00674568,,,,
902,,1303.1,-8.85,-0.0067915,,,,
903,,1294.25,-8.85,-0.00683794,,,,
904,2003/4/19,1285.4,-1.6,-0.00124475,,,,
905,2003/5/19,1283.8,2.05,0.00159682,,,,
906,2003/6/19,1285.85,-0.55,-0.00042773,,,,
907,2003/7/19,1285.3,11.45,0.00890843,,,,
908,2003/8/19,1296.75,-1.333333333,-0.00102821,,,,
909,,1295.416667,-1.333333333,-0.00102927,,,,
910,,1294.083333,-1.333333333,-0.00103033,,,,
911,2003/11/19,1292.75,4.3,0.00332624,,,,
912,2003/12/19,1297.05,9.9,0.0076327,,,,
913,3/13/19,1306.95,-11.4,-0.0087226,,,,
914,3/14/19,1295.55,7.95,0.00613639,,,,
915,3/15/19,1303.5,0.7,0.00053702,,,,
916,,1304.2,0.7,0.00053673,,,,
917,,1304.9,0.7,0.00053644,,,,
918,3/18/19,1305.6,2.1,0.00160846,,,,
919,3/19/19,1307.7,-4,-0.00305881,,,,
920,3/20/19,1303.7,5.9,0.00452558,,,,
921,3/21/19,1309.6,1.7,0.00129811,,,,
922,3/22/19,1311.3,2.75,0.00209716,,,,
923,,1314.05,2.75,0.00209277,,,,
924,,1316.8,2.75,0.0020884,,,,
925,3/25/19,1319.55,-3.25,-0.00246296,,,,
926,3/26/19,1316.3,-6.6,-0.00501405,,,,
927,3/27/19,1309.7,-14.55,-0.01110941,,,,
928,3/28/19,1295.15,0.25,0.00019303,,,,
929,3/29/19,1295.4,-0.633333333,-0.00048891,,,,
930,,1294.766667,-0.633333333,-0.00048915,,,,
931,,1294.133333,-0.633333333,-0.00048939,,,,
932,2004/1/19,1293.5,-3.2,-0.00247391,,,,
933,2004/2/19,1290.3,0.15,0.00011625,,,,
934,2004/3/19,1290.45,-7.3,-0.00565694,,,,
935,2004/4/19,1283.15,5.3,0.00413046,,,,
936,2004/5/19,1288.45,3.85,0.00298809,,,,
937,,1292.3,3.85,0.00297918,,,,
938,,1296.15,3.85,0.00297034,,,,
939,2004/8/19,1300,3,0.00230769,,,,
940,2004/9/19,1303,2.45,0.00188028,,,,
941,2004/10/19,1305.45,-6.65,-0.00509403,,,,
942,2004/11/19,1298.8,-4.5,-0.00346474,,,,
943,2004/12/19,1294.3,-2.883333333,-0.00222772,,,,
944,,1291.416667,-2.883333333,-0.00223269,,,,
945,,1288.533333,-2.883333333,-0.00223769,,,,
946,4/15/19,1285.65,-9.3,-0.0072337,,,,
947,4/16/19,1276.35,-0.5,-0.00039174,,,,
948,4/17/19,1275.85,-0.15,-0.00011757,,,,
949,4/18/19,1275.7,-1.24,-0.00097202,,,,
950,,1274.46,-1.24,-0.00097296,,,,
951,,1273.22,-1.24,-0.00097391,,,,
952,,1271.98,-1.24,-0.00097486,,,,
953,,1270.74,-1.24,-0.00097581,,,,
954,4/23/19,1269.5,2.15,0.00169358,,,,
955,4/24/19,1271.65,9.15,0.00719538,,,,
956,4/25/19,1280.8,3.4,0.00265459,,,,
957,4/26/19,1284.2,-1.566666667,-0.00121996,,,,
958,,1282.633333,-1.566666667,-0.00122145,,,,
959,,1281.066667,-1.566666667,-0.00122294,,,,
960,4/29/19,1279.5,2.8,0.00218835,,,,
961,4/30/19,1282.3,1.5,0.00116977,,,,
962,2005/1/19,1283.8,-12.85,-0.01000935,,,,
963,2005/2/19,1270.95,7.6,0.00597978,,,,
964,2005/3/19,1278.55,0.6625,0.00051817,,,,
965,,1279.2125,0.6625,0.0005179,,,,
966,,1279.875,0.6625,0.00051763,,,,
967,,1280.5375,0.6625,0.00051736,,,,
968,2005/7/19,1281.2,4,0.00312207,,,,
969,2005/8/19,1285.2,0.9,0.00070028,,,,
970,2005/9/19,1286.1,1,0.00077754,,,,
971,2005/10/19,1287.1,2.833333333,0.00220133,,,,
972,,1289.933333,2.833333333,0.0021965,,,,
973,,1292.766667,2.833333333,0.00219168,,,,
974,5/13/19,1295.6,2.8,0.00216116,,,,
975,5/14/19,1298.4,0.7,0.00053913,,,,
976,5/15/19,1299.1,-7.4,-0.00569625,,,,
977,5/16/19,1291.7,-10.9,-0.00843849,,,,
978,5/17/19,1280.8,-1.316666667,-0.001028,,,,
979,,1279.483333,-1.316666667,-0.00102906,,,,
980,,1278.166667,-1.316666667,-0.00103012,,,,
981,5/20/19,1276.85,-5.7,-0.00446411,,,,
982,5/21/19,1271.15,2.65,0.00208473,,,,
983,5/22/19,1273.8,9.85,0.00773277,,,,
984,5/23/19,1283.65,-1.15,-0.00089588,,,,
985,5/24/19,1282.5,-1.05,-0.00081871,,,,
986,,1281.45,-1.05,-0.00081938,,,,
987,,1280.4,-1.05,-0.00082006,,,,
988,,1279.35,-1.05,-0.00082073,,,,
989,5/28/19,1278.3,3.35,0.00262067,,,,
990,5/29/19,1281.65,-0.7,-0.00054617,,,,
991,5/30/19,1280.95,14.6,0.01139779,,,,
992,5/31/19,1295.55,7.183333333,0.00554462,,,,
993,,1302.733333,7.183333333,0.00551405,,,,
994,,1309.916667,7.183333333,0.00548381,,,,
995,2006/3/19,1317.1,7.15,0.00542859,,,,
996,2006/4/19,1324.25,10.8,0.00815556,,,,
997,2006/5/19,1335.05,0.45,0.00033707,,,,
998,2006/6/19,1335.5,5.15,0.00385623,,,,
999,2006/7/19,1340.65,-4.016666667,-0.00299606,,,,
1000,,1336.633333,-4.016666667,-0.00300506,,,,
1001,,1332.616667,-4.016666667,-0.00301412,,,,
1002,2006/10/19,1328.6,-4.3,-0.00323649,,,,
1003,2006/11/19,1324.3,8.05,0.00607868,,,,
1004,2006/12/19,1332.35,3.55,0.00266447,,,,
1005,6/13/19,1335.9,15.35,0.01149038,,,,
1006,6/14/19,1351.25,-3.316666667,-0.00245452,,,,
1007,,1347.933333,-3.316666667,-0.00246056,,,,
1008,,1344.616667,-3.316666667,-0.00246663,,,,
1009,6/17/19,1341.3,0.05,0.00003728,,,,
1010,6/18/19,1341.35,2.7,0.0020129,,,,
1011,6/19/19,1344.05,35.45,0.02637551,,,,
1012,6/20/19,1379.5,17.65,0.01279449,,,,
1013,6/21/19,1397.15,2.85,0.00203987,,,,
1014,,1400,2.85,0.00203571,,,,
1015,,1402.85,2.85,0.00203158,,,,
1016,6/24/19,1405.7,25.7,0.01828271,,,,
1017,6/25/19,1431.4,-27.45,-0.01917703,,,,
1018,6/26/19,1403.95,-1.45,-0.0010328,,,,
1019,6/27/19,1402.5,6.5,0.00463458,,,,
1020,6/28/19,1409,-6.3,-0.00447126,,,,
1021,,1402.7,-6.3,-0.00449134,,,,
1022,,1396.4,-6.3,-0.0045116,,,,
1023,2007/1/19,1390.1,0.95,0.0006834,,,,
1024,2007/2/19,1391.05,22.45,0.01613889,,,,
1025,2007/3/19,1413.5,1.4,0.00099045,,,,
1026,2007/4/19,1414.9,-26.25,-0.01855255,,,,
1027,2007/5/19,1388.65,3.816666667,0.00274847,,,,
1028,,1392.466667,3.816666667,0.00274094,,,,
1029,,1396.283333,3.816666667,0.00273345,,,,
1030,2007/8/19,1400.1,-8.55,-0.00610671,,,,
1031,2007/9/19,1391.55,16.75,0.01203694,,,,
1032,2007/10/19,1408.3,5.45,0.00386991,,,,
1033,2007/11/19,1413.75,-6.15,-0.00435013,,,,
1034,2007/12/19,1407.6,1.6,0.00113669,,,,
1035,,1409.2,1.6,0.0011354,,,,
1036,,1410.8,1.6,0.00113411,,,,
1037,7/15/19,1412.4,-2.55,-0.00180544,,,,
1038,7/16/19,1409.85,0.5,0.00035465,,,,
1039,7/17/19,1410.35,7.1,0.00503421,,,,
1040,7/18/19,1417.45,22.25,0.0156972,,,,
1041,7/19/19,1439.7,-3.983333333,-0.00276678,,,,
1042,,1435.716667,-3.983333333,-0.00277446,,,,
1043,,1431.733333,-3.983333333,-0.00278218,,,,
1044,7/22/19,1427.75,-2.2,-0.00154089,,,,
1045,7/23/19,1425.55,1.4,0.00098208,,,,
1046,7/24/19,1426.95,-10.85,-0.00760363,,,,
1047,7/25/19,1416.1,4.3,0.00303651,,,,
1048,7/26/19,1420.4,-0.45,-0.00031681,,,,
1049,,1419.95,-0.45,-0.00031691,,,,
1050,,1419.5,-0.45,-0.00031701,,,,
1051,7/29/19,1419.05,6.85,0.00482717,,,,
1052,7/30/19,1425.9,1.65,0.00115716,,,,
1053,7/31/19,1427.55,-20.75,-0.01453539,,,,
1054,2008/1/19,1406.8,34.95,0.02484362,,,,
1055,2008/2/19,1441.75,7.833333333,0.00543321,,,,
1056,,1449.583333,7.833333333,0.00540385,,,,
1057,,1457.416667,7.833333333,0.00537481,,,,
1058,2008/5/19,1465.25,0,0,,,,
1059,2008/6/19,1465.25,40.8,0.02784508,,,,
1060,2008/7/19,1506.05,-10.3,-0.00683908,,,,
1061,2008/8/19,1495.75,1.95,0.00130369,,,,
1062,2008/9/19,1497.7,2.333333333,0.00155794,,,,
1063,,1500.033333,2.333333333,0.00155552,,,,
1064,,1502.366667,2.333333333,0.00155311,,,,
1065,2008/12/19,1504.7,-6.3,-0.00418688,,,,
1066,8/13/19,1498.4,14.85,0.00991057,,,,
1067,8/14/19,1513.25,2.4,0.00158599,,,,
1068,8/15/19,1515.65,-0.4,-0.00026391,,,,
1069,8/16/19,1515.25,-6.216666667,-0.00410273,,,,
1070,,1509.033333,-6.216666667,-0.00411964,,,,
1071,,1502.816667,-6.216666667,-0.00413668,,,,
1072,8/19/19,1496.6,7.95,0.00531204,,,,
1073,8/20/19,1504.55,-1.3,-0.00086405,,,,
1074,8/21/19,1503.25,-1.2,-0.00079827,,,,
1075,8/22/19,1502.05,1.75,0.00116507,,,,
1076,8/23/19,1503.8,7.2875,0.00484606,,,,
1077,,1511.0875,7.2875,0.00482269,,,,
1078,,1518.375,7.2875,0.00479954,,,,
1079,,1525.6625,7.2875,0.00477661,,,,
1080,8/27/19,1532.95,4.2,0.00273982,,,,
1081,8/28/19,1537.15,3.05,0.00198419,,,,
1082,8/29/19,1540.2,-11.8,-0.00766134,,,,
1083,8/30/19,1528.4,-0.816666667,-0.00053433,,,,
1084,,1527.583333,-0.816666667,-0.00053461,,,,
1085,,1526.766667,-0.816666667,-0.0005349,,,,
1086,2009/2/19,1525.95,11.9,0.00779842,,,,
1087,2009/3/19,1537.85,8.25,0.00536463,,,,
1088,2009/4/19,1546.1,-17,-0.01099541,,,,
1089,2009/5/19,1529.1,-5.4,-0.00353149,,,,
1090,2009/6/19,1523.7,-4.833333333,-0.0031721,,,,
1091,,1518.866667,-4.833333333,-0.0031822,,,,
1092,,1514.033333,-4.833333333,-0.00319236,,,,
1093,2009/9/19,1509.2,-10.95,-0.0072555,,,,
1094,2009/10/19,1498.25,-7.6,-0.00507258,,,,
1095,2009/11/19,1490.65,24.55,0.01646933,,,,
1096,2009/12/19,1515.2,-12.1,-0.00798574,,,,
1097,9/13/19,1503.1,-1.966666667,-0.00130841,,,,
1098,,1501.133333,-1.966666667,-0.00131012,,,,
1099,,1499.166667,-1.966666667,-0.00131184,,,,
1100,9/16/19,1497.2,4.9,0.00327278,,,,
1101,9/17/19,1502.1,1.4,0.00093203,,,,
1102,9/18/19,1503.5,-2.8,-0.00186232,,,,
1103,9/19/19,1500.7,1.2,0.00079963,,,,
1104,9/20/19,1501.9,6.733333333,0.00448321,,,,
1105,,1508.633333,6.733333333,0.0044632,,,,
1106,,1515.366667,6.733333333,0.00444337,,,,
1107,9/23/19,1522.1,-1.45,-0.00095263,,,,
1108,9/24/19,1520.65,8.1,0.00532667,,,,
1109,9/25/19,1528.75,-22.35,-0.01461979,,,,
1110,9/26/19,1506.4,-16.5,-0.01095327,,,,
1111,9/27/19,1489.9,-1.533333333,-0.00102915,,,,
1112,,1488.366667,-1.533333333,-0.00103021,,,,
1113,,1486.833333,-1.533333333,-0.00103127,,,,
1114,9/30/19,1485.3,-11.85,-0.00797819,,,,
1115,2010/1/19,1473.45,19.15,0.01299671,,,,
1116,2010/2/19,1492.6,24.5,0.01641431,,,,
1117,2010/3/19,1517.1,-17.95,-0.01183178,,,,
1118,2010/4/19,1499.15,0.7,0.00046693,,,,
1119,,1499.85,0.7,0.00046671,,,,
1120,,1500.55,0.7,0.0004665,,,,
1121,2010/7/19,1501.25,4.6,0.00306411,,,,
1122,2010/8/19,1505.85,1.4,0.00092971,,,,
1123,2010/9/19,1507.25,-12.45,-0.00826008,,,,
1124,2010/10/19,1494.8,-15.65,-0.01046963,,,,
1125,2010/11/19,1479.15,3.816666667,0.00258031,,,,
1126,,1482.966667,3.816666667,0.00257367,,,,
1127,,1486.783333,3.816666667,0.00256706,,,,
1128,10/14/19,1490.6,-2.8,-0.00187844,,,,
1129,10/15/19,1487.8,-2.7,-0.00181476,,,,
1130,10/16/19,1485.1,7.55,0.00508383,,,,
1131,10/17/19,1492.65,-2.65,-0.00177537,,,,
1132,10/18/19,1490,0.55,0.00036913,,,,
1133,,1490.55,0.55,0.00036899,,,,
1134,,1491.1,0.55,0.00036886,,,,
1135,10/21/19,1491.65,-6.3,-0.00422351,,,,
1136,10/22/19,1485.35,9.1,0.0061265,,,,
1137,10/23/19,1494.45,2.1,0.0014052,,,,
1138,10/24/19,1496.55,16.9,0.01129264,,,,
1139,10/25/19,1513.45,-7.016666667,-0.00463621,,,,
1140,,1506.433333,-7.016666667,-0.0046578,,,,
1141,,1499.416667,-7.016666667,-0.0046796,,,,
1142,10/28/19,1492.4,-5.65,-0.00378585,,,,
1143,10/29/19,1486.75,5.35,0.00359845,,,,
1144,10/30/19,1492.1,18.85,0.0126332,,,,
1145,10/31/19,1510.95,-2.15,-0.00142295,,,,
1146,2011/1/19,1508.8,0.216666667,0.0001436,,,,
1147,,1509.016667,0.216666667,0.00014358,,,,
1148,,1509.233333,0.216666667,0.00014356,,,,
1149,2011/4/19,1509.45,-20.5,-0.01358111,,,,
1150,2011/5/19,1488.95,-2.9,-0.00194768,,,,
1151,2011/6/19,1486.05,-1.8,-0.00121126,,,,
1152,2011/7/19,1484.25,-20.1,-0.01354219,,,,
1153,2011/8/19,1464.15,-1.816666667,-0.00124077,,,,
1154,,1462.333333,-1.816666667,-0.00124231,,,,
1155,,1460.516667,-1.816666667,-0.00124385,,,,
1156,2011/11/19,1458.7,-6.65,-0.00455885,,,,
1157,2011/12/19,1452.05,10.85,0.00747219,,,,
1158,11/13/19,1462.9,3.75,0.0025634,,,,
1159,11/14/19,1466.65,0.25,0.00017046,,,,
1160,11/15/19,1466.9,0.25,0.00017043,,,,
1161,,1467.15,0.25,0.0001704,,,,
1162,,1467.4,0.25,0.00017037,,,,
1163,11/18/19,1467.65,0.8,0.00054509,,,,
1164,11/19/19,1468.45,3.25,0.00221322,,,,
1165,11/20/19,1471.7,-4.65,-0.00315961,,,,
1166,11/21/19,1467.05,-2.6,-0.00177226,,,,
1167,11/22/19,1464.45,-2.016666667,-0.00137708,,,,
1168,,1462.433333,-2.016666667,-0.00137898,,,,
1169,,1460.416667,-2.016666667,-0.00138088,,,,
1170,11/25/19,1458.4,-3.75,-0.00257131,,,,
1171,11/26/19,1454.65,-0.3,-0.00020624,,,,
1172,11/27/19,1454.35,0.3,0.00020628,,,,
1173,11/28/19,1454.65,5.5,0.00378098,,,,
1174,11/29/19,1460.15,0.333333333,0.00022829,,,,
1175,,1460.483333,0.333333333,0.00022823,,,,
1176,,1460.816667,0.333333333,0.00022818,,,,
1177,2012/2/19,1461.15,16.15,0.01105294,,,,
1178,2012/3/19,1477.3,-2.2,-0.0014892,,,,
1179,2012/4/19,1475.1,0.85,0.00057623,,,,
1180,2012/5/19,1475.95,-16.3,-0.01104373,,,,
1181,2012/6/19,1459.65,0.683333333,0.00046815,,,,
1182,,1460.333333,0.683333333,0.00046793,,,,
1183,,1461.016667,0.683333333,0.00046771,,,,
1184,2012/9/19,1461.7,3.25,0.00222344,,,,
1185,2012/10/19,1464.95,1.85,0.00126284,,,,
1186,2012/11/19,1466.8,1,0.00068176,,,,
1187,2012/12/19,1467.8,-1.2,-0.00081755,,,,
1188,12/13/19,1466.6,3.766666667,0.0025683,,,,
1189,,1470.366667,3.766666667,0.00256172,,,,
1190,,1474.133333,3.766666667,0.00255517,,,,
1191,12/16/19,1477.9,-2.1,-0.00142094,,,,
1192,12/17/19,1475.8,-1.75,-0.0011858,,,,
1193,12/18/19,1474.05,2.65,0.00179777,,,,
1194,12/19/19,1476.7,2.3,0.00155753,,,,
1195,12/20/19,1479,1.033333333,0.00069867,,,,
1196,,1480.033333,1.033333333,0.00069818,,,,
1197,,1481.066667,1.033333333,0.0006977,,,,
1198,12/23/19,1482.1,7.35,0.00495918,,,,
1199,12/24/19,1489.45,7.35,0.00493471,,,,
1200,,1496.8,7.35,0.00491048,,,,
1201,,1504.15,7.35,0.00488648,,,,
1202,12/27/19,1511.5,1.083333333,0.00071673,,,,
1203,,1512.583333,1.083333333,0.00071621,,,,
1204,,1513.666667,1.083333333,0.0007157,,,,
1205,12/30/19,1514.75,4.116666667,0.00271772,,,,
1206,12/31/19,1518.866667,4.116666667,0.00271035,,,,
1207,,1522.983333,4.116666667,0.00270303,,,,
1208,2001/2/20,1527.1,21.65,0.0141772,,,,
1209,2001/3/20,1548.75,8.116666667,0.00524079,,,,
1210,,1556.866667,8.116666667,0.00521346,,,,
1211,,1564.983333,8.116666667,0.00518642,,,,
1212,2001/6/20,1573.1,-5.25,-0.00333736,,,,
1213,2001/7/20,1567.85,4.1,0.00261505,,,,
1214,2001/8/20,1571.95,-21.2,-0.01348643,,,,
1215,2001/9/20,1550.75,2.85,0.00183782,,,,
1216,2001/10/20,1553.6,-1.233333333,-0.00079386,,,,
1217,,1552.366667,-1.233333333,-0.00079449,,,,
1218,,1551.133333,-1.233333333,-0.00079512,,,,
1219,1/13/20,1549.9,-4.8,-0.00309697,,,,
1220,1/14/20,1545.1,3.9,0.00252411,,,,
1221,1/15/20,1549,5.55,0.00358296,,,,
1222,1/16/20,1554.55,3.05,0.00196198,,,,
1223,1/17/20,1557.6,0.85,0.00054571,,,,
1224,,1558.45,0.85,0.00054541,,,,
1225,,1559.3,0.85,0.00054512,,,,
1226,1/20/20,1560.15,-8.85,-0.00567253,,,,
1227,1/21/20,1551.3,5.6,0.00360988,,,,
1228,1/22/20,1556.9,6,0.00385381,,,,
1229,1/23/20,1562.9,1.4,0.00089577,,,,
1230,1/24/20,1564.3,5.266666667,0.00336679,,,,
1231,,1569.566667,5.266666667,0.00335549,,,,
1232,,1574.833333,5.266666667,0.00334427,,,,
1233,1/27/20,1580.1,-6.1,-0.00386052,,,,
1234,1/28/20,1574,-0.55,-0.00034943,,,,
1235,1/29/20,1573.45,4.8,0.00305062,,,,
1236,1/30/20,1578.25,5.95,0.00377,,,,
1237,1/31/20,1584.2,-3.15,-0.00198839,,,,
1238,,1581.05,-3.15,-0.00199235,,,,
1239,,1577.9,-3.15,-0.00199632,,,,
1240,2002/3/20,1574.75,-16.4,-0.01041435,,,,
1241,2002/4/20,1558.35,-5.05,-0.00324061,,,,
1242,2002/5/20,1553.3,10,0.00643791,,,,
1243,2002/6/20,1563.3,9.35,0.00598094,,,,
1244,2002/7/20,1572.65,0.183333333,0.00011658,,,,
1245,,1572.833333,0.183333333,0.00011656,,,,
1246,,1573.016667,0.183333333,0.00011655,,,,
1247,2002/10/20,1573.2,-2.7,-0.00171625,,,,
1248,2002/11/20,1570.5,-6.8,-0.00432983,,,,
1249,2002/12/20,1563.7,11.35,0.00725843,,,,
1250,2/13/20,1575.05,6.35,0.00403162,,,,
1251,2/14/20,1581.4,-0.2,-0.00012647,,,,
1252,,1581.2,-0.2,-0.00012649,,,,
1253,,1581,-0.2,-0.0001265,,,,
1254,2/17/20,1580.8,9.05,0.00572495,,,,
1255,2/18/20,1589.85,14.35,0.00902601,,,,
1256,2/19/20,1604.2,14.8,0.00922578,,,,
1257,2/20/20,1619,24.3,0.01500926,,,,
1258,2/21/20,1643.3,9.45,0.00575062,,,,
1259,,1652.75,9.45,0.00571774,,,,
1260,,1662.2,9.45,0.00568524,,,,
1261,2/24/20,1671.65,-21.35,-0.01277181,,,,
1262,2/25/20,1650.3,-15.4,-0.00933164,,,,
1263,2/26/20,1634.9,17.1,0.01045936,,,,
1264,2/27/20,1652,-42.15,-0.02551453,,,,
1265,2/28/20,1609.85,-3.4,-0.002112,,,,
1266,,1606.45,-3.4,-0.00211647,,,,
1267,,1603.05,-3.4,-0.00212096,,,,
1268,2003/2/20,1599.65,15.85,0.00990842,,,,
1269,2003/3/20,1615.5,26.35,0.01631074,,,,
1270,2003/4/20,1641.85,17.75,0.01081098,,,,
1271,2003/5/20,1659.6,24.05,0.01449144,,,,
1272,2003/6/20,1683.65,-3.716666667,-0.00220751,,,,
1273,,1679.933333,-3.716666667,-0.00221239,,,,
1274,,1676.216667,-3.716666667,-0.00221729,,,,
1275,2003/9/20,1672.5,-16.8,-0.01004484,,,,
1276,2003/10/20,1655.7,-1.95,-0.00117775,,,,
1277,2003/11/20,1653.75,-83.05,-0.0502192,,,,
1278,2003/12/20,1570.7,-7.9,-0.0050296,,,,
1279,3/13/20,1562.8,-25.03333333,-0.01601826,,,,
1280,,1537.766667,-25.03333333,-0.01627902,,,,
1281,,1512.733333,-25.03333333,-0.01654841,,,,
1282,3/16/20,1487.7,48.5,0.03260066,,,,
1283,3/17/20,1536.2,-38,-0.02473636,,,,
1284,3/18/20,1498.2,-23.95,-0.01598585,,,,
1285,3/19/20,1474.25,20.15,0.01366797,,,,
1286,3/20/20,1494.4,10.33333333,0.0069147,,,,
1287,,1504.733333,10.33333333,0.00686722,,,,
1288,,1515.066667,10.33333333,0.00682038,,,,
1289,3/23/20,1525.4,80.35,0.05267471,,,,
1290,3/24/20,1605.75,-0.3,-0.00018683,,,,
1291,3/25/20,1605.45,29.35,0.01828148,,,,
1292,3/26/20,1634.8,-17.5,-0.01070467,,,,
1293,3/27/20,1617.3,0.333333333,0.0002061,,,,
1294,,1617.633333,0.333333333,0.00020606,,,,
1295,,1617.966667,0.333333333,0.00020602,,,,
1296,3/30/20,1618.3,-9.35,-0.00577767,,,,
1297,3/31/20,1608.95,-32.4,-0.02013736,,,,
1298,2004/1/20,1576.55,40.25,0.02553043,,,,
1299,2004/2/20,1616.8,-3.7,-0.00228847,,,,
1300,2004/3/20,1613.1,11.73333333,0.00727378,,,,
1301,,1624.833333,11.73333333,0.00722125,,,,
1302,,1636.566667,11.73333333,0.00716948,,,,
1303,2004/6/20,1648.3,0.95,0.00057635,,,,
1304,2004/7/20,1649.25,-1.45,-0.00087919,,,,
1305,2004/8/20,1647.8,32.85,0.01993567,,,,
1306,2004/9/20,1680.65,12.25,0.00728885,,,,
1307,,1692.9,12.25,0.0072361,,,,
1308,,1705.15,12.25,0.00718412,,,,
1309,,1717.4,12.25,0.00713288,,,,
1310,,1729.65,12.25,0.00708236,,,,
1311,4/14/20,1741.9,-23.25,-0.01334749,,,,
1312,4/15/20,1718.65,10.85,0.00631309,,,,
1313,4/16/20,1729.5,-36.95,-0.02136456,,,,
1314,4/17/20,1692.55,-2.116666667,-0.00125058,,,,
1315,,1690.433333,-2.116666667,-0.00125214,,,,
1316,,1688.316667,-2.116666667,-0.00125371,,,,
1317,4/20/20,1686.2,-4.15,-0.00246116,,,,
1318,4/21/20,1682.05,28.5,0.01694361,,,,
1319,4/22/20,1710.55,25.7,0.01502441,,,,
1320,4/23/20,1736.25,-20.35,-0.01172066,,,,
1321,4/24/20,1715.9,-0.316666667,-0.00018455,,,,
1322,,1715.583333,-0.316666667,-0.00018458,,,,
1323,,1715.266667,-0.316666667,-0.00018462,,,,
1324,4/27/20,1714.95,-23.4,-0.01364471,,,,
1325,4/28/20,1691.55,11.8,0.00697585,,,,
1326,4/29/20,1703.35,-0.6,-0.00035225,,,,
1327,4/30/20,1702.75,-16.5,-0.00969021,,,,
1328,2005/1/20,1686.25,7.616666667,0.00451693,,,,
1329,,1693.866667,7.616666667,0.00449662,,,,
1330,,1701.483333,7.616666667,0.00447649,,,,
1331,2005/4/20,1709.1,-9.55,-0.00558774,,,,
1332,2005/5/20,1699.55,-8.05,-0.00473655,,,,
1333,2005/6/20,1691.5,12.55,0.00741945,,,,
1334,2005/7/20,1704.05,-0.325,-0.00019072,,,,
1335,,1703.725,-0.325,-0.00019076,,,,
1336,,1703.4,-0.325,-0.00019079,,,,
1337,,1703.075,-0.325,-0.00019083,,,,
1338,2005/11/20,1702.75,-0.35,-0.00020555,,,,
1339,2005/12/20,1702.4,6,0.00352444,,,,
1340,5/13/20,1708.4,23.2,0.01357996,,,,
1341,5/14/20,1731.6,3.75,0.00216563,,,,
1342,5/15/20,1735.35,-0.216666667,-0.00012485,,,,
1343,,1735.133333,-0.216666667,-0.00012487,,,,
1344,,1734.916667,-0.216666667,-0.00012489,,,,
1345,5/18/20,1734.7,3.25,0.00187352,,,,
1346,5/19/20,1737.95,10.35,0.00595529,,,,
1347,5/20/20,1748.3,-23.4,-0.01338443,,,,
1348,5/21/20,1724.9,8.65,0.00501478,,,,
1349,5/22/20,1733.55,-3.325,-0.00191803,,,,
1350,,1730.225,-3.325,-0.00192172,,,,
1351,,1726.9,-3.325,-0.00192542,,,,
1352,,1723.575,-3.325,-0.00192913,,,,
1353,5/26/20,1720.25,-25.65,-0.01491062,,,,
1354,5/27/20,1694.6,22.75,0.013425,,,,
1355,5/28/20,1717.35,11.35,0.00660902,,,,
1356,5/29/20,1728.7,0.633333333,0.00036636,,,,
1357,,1729.333333,0.633333333,0.00036623,,,,
1358,,1729.966667,0.633333333,0.0003661,,,,
1359,2006/1/20,1730.6,11.55,0.00667399,,,,
1360,2006/2/20,1742.15,-36.8,-0.02112332,,,,
1361,2006/3/20,1705.35,-5.3,-0.00310787,,,,
1362,2006/4/20,1700.05,-16.6,-0.00976442,,,,
1363,2006/5/20,1683.45,2.3,0.00136624,,,,
1364,,1685.75,2.3,0.00136438,,,,
1365,,1688.05,2.3,0.00136252,,,,
1366,2006/8/20,1690.35,23.15,0.01369539,,,,
1367,2006/9/20,1713.5,8.55,0.00498979,,,,
1368,2006/10/20,1722.05,16.2,0.00940739,,,,
1369,2006/11/20,1738.25,-4.75,-0.00273263,,,,
1370,2006/12/20,1733.5,-7.683333333,-0.00443227,,,,
1371,,1725.816667,-7.683333333,-0.004452,,,,
1372,,1718.133333,-7.683333333,-0.00447191,,,,
1373,6/15/20,1710.45,9.4,0.00549563,,,,
1374,6/16/20,1719.85,4.5,0.00261651,,,,
1375,6/17/20,1724.35,-4.85,-0.00281265,,,,
1376,6/18/20,1719.5,15.25,0.00886886,,,,
1377,6/19/20,1734.75,9.033333333,0.00520728,,,,
1378,,1743.783333,9.033333333,0.00518031,,,,
1379,,1752.816667,9.033333333,0.00515361,,,,
1380,6/22/20,1761.85,7.05,0.00400148,,,,
1381,6/23/20,1768.9,-2.85,-0.00161117,,,,
1382,6/24/20,1766.05,-9.5,-0.00537924,,,,
1383,6/25/20,1756.55,-8.95,-0.00509522,,,,
1384,6/26/20,1747.6,8,0.00457771,,,,
1385,,1755.6,8,0.00455685,,,,
1386,,1763.6,8,0.00453618,,,,
1387,6/29/20,1771.6,-3.5,-0.00197562,,,,
1388,6/30/20,1768.1,2.95,0.00166846,,,,
1389,2007/1/20,1771.05,6.4,0.00361368,,,,
1390,2007/2/20,1777.45,-4.55,-0.00255985,,,,
1391,2007/3/20,1772.9,5,0.00282024,,,,
1392,,1777.9,5,0.00281231,,,,
1393,,1782.9,5,0.00280442,,,,
1394,2007/6/20,1787.9,1.65,0.00092287,,,,
1395,2007/7/20,1789.55,21.55,0.01204213,,,,
1396,2007/8/20,1811.1,1,0.00055215,,,,
1397,2007/9/20,1812.1,-9,-0.00496661,,,,
1398,2007/10/20,1803.1,1.466666667,0.00081341,,,,
1399,,1804.566667,1.466666667,0.00081275,,,,
1400,,1806.033333,1.466666667,0.00081209,,,,
1401,7/13/20,1807.5,-5.6,-0.0030982,,,,
1402,7/14/20,1801.9,2.7,0.00149842,,,,
1403,7/15/20,1804.6,3.1,0.00171783,,,,
1404,7/16/20,1807.7,-0.35,-0.00019362,,,,
1405,7/17/20,1807.35,2.766666667,0.00153079,,,,
1406,,1810.116667,2.766666667,0.00152845,,,,
1407,,1812.883333,2.766666667,0.00152611,,,,
1408,7/20/20,1815.65,26.9,0.01481563,,,,
1409,7/21/20,1842.55,9.85,0.00534585,,,,
1410,7/22/20,1852.4,25.9,0.01398186,,,,
1411,7/23/20,1878.3,23.8,0.01267103,,,,
1412,7/24/20,1902.1,11.51666667,0.00605471,,,,
1413,,1913.616667,11.51666667,0.00601827,,,,
1414,,1925.133333,11.51666667,0.00598227,,,,
1415,7/27/20,1936.65,4.25,0.00219451,,,,
1416,7/28/20,1940.9,10,0.00515225,,,,
1417,7/29/20,1950.9,6.75,0.00345994,,,,
1418,7/30/20,1957.65,7.25,0.00370342,,,,
1419,7/31/20,1964.9,-2.116666667,-0.00107724,,,,
1420,,1962.783333,-2.116666667,-0.0010784,,,,
1421,,1960.666667,-2.116666667,-0.00107956,,,,
1422,2008/3/20,1958.55,19.35,0.00987976,,,,
1423,2008/4/20,1977.9,70.25,0.03551747,,,,
1424,2008/5/20,2048.15,19,0.00927666,,,,
1425,2008/6/20,2067.15,-36,-0.01741528,,,,
1426,2008/7/20,2031.15,4.45,0.00219088,,,,
1427,,2035.6,4.45,0.00218609,,,,
1428,,2040.05,4.45,0.00218132,,,,
1429,2008/10/20,2044.5,-104.85,-0.05128393,,,,
1430,2008/11/20,1939.65,-7.75,-0.00399557,,,,
1431,2008/12/20,1931.9,12.35,0.00639267,,,,
1432,8/13/20,1944.25,0.5,0.00025717,,,,
1433,8/14/20,1944.75,9.366666667,0.00481639,,,,
1434,,1954.116667,9.366666667,0.0047933,,,,
1435,,1963.483333,9.366666667,0.00477043,,,,
1436,8/17/20,1972.85,35.9,0.01819702,,,,
1437,8/18/20,2008.75,-27.75,-0.01381456,,,,
1438,8/19/20,1981,-53.85,-0.02718324,,,,
1439,8/20/20,1927.15,-2.8,-0.00145292,,,,
1440,8/21/20,1924.35,6.533333333,0.00339509,,,,
1441,,1930.883333,6.533333333,0.0033836,,,,
1442,,1937.416667,6.533333333,0.00337219,,,,
1443,8/24/20,1943.95,-32.8,-0.01687286,,,,
1444,8/25/20,1911.15,21.8,0.01140674,,,,
1445,8/26/20,1932.95,-9.1,-0.00470783,,,,
1446,8/27/20,1923.85,33.5,0.017413,,,,
1447,8/28/20,1957.35,3.75,0.00191586,,,,
1448,,1961.1,3.75,0.00191219,,,,
1449,,1964.85,3.75,0.00190854,,,,
1450,,1968.6,3.75,0.00190491,,,,
1451,2009/1/20,1972.35,-25.3,-0.01282734,,,,
1452,2009/2/20,1947.05,-6.6,-0.00338974,,,,
1453,2009/3/20,1940.45,-14.15,-0.00729212,,,,
1454,2009/4/20,1926.3,0.716666667,0.00037204,,,,
1455,,1927.016667,0.716666667,0.0003719,,,,
1456,,1927.733333,0.716666667,0.00037177,,,,
1457,2009/7/20,1928.45,-17.5,-0.00907465,,,,
1458,2009/8/20,1910.95,36.25,0.01896962,,,,
1459,2009/9/20,1947.2,19.05,0.00978328,,,,
1460,2009/10/20,1966.25,-18.85,-0.00958678,,,,
1461,2009/11/20,1947.4,3.766666667,0.0019342,,,,
1462,,1951.166667,3.766666667,0.00193047,,,,
1463,,1954.933333,3.766666667,0.00192675,,,,
1464,9/14/20,1958.7,-9.35,-0.00477357,,,,
1465,9/15/20,1949.35,12.45,0.00638674,,,,
1466,9/16/20,1961.8,-25.55,-0.01302375,,,,
1467,9/17/20,1936.25,14.6,0.00754035,,,,
1468,9/18/20,1950.85,-13.83333333,-0.00709093,,,,
1469,,1937.016667,-13.83333333,-0.00714157,,,,
1470,,1923.183333,-13.83333333,-0.00719294,,,,
1471,9/21/20,1909.35,-3.35,-0.00175452,,,,
1472,9/22/20,1906,-32.6,-0.01710388,,,,
1473,9/23/20,1873.4,-11.65,-0.00621864,,,,
1474,9/24/20,1861.75,-2.05,-0.00110111,,,,
1475,9/25/20,1859.7,1.533333333,0.00082451,,,,
1476,,1861.233333,1.533333333,0.00082383,,,,
1477,,1862.766667,1.533333333,0.00082315,,,,
1478,9/28/20,1864.3,19.65,0.01054015,,,,
1479,9/29/20,1883.95,2.95,0.00156586,,,,
1480,9/30/20,1886.9,15.1,0.00800254,,,,
1481,2010/1/20,1902,1.05,0.00055205,,,,
1482,2010/2/20,1903.05,2.183333333,0.00114728,,,,
1483,,1905.233333,2.183333333,0.00114597,,,,
1484,,1907.416667,2.183333333,0.00114465,,,,
1485,2010/5/20,1909.6,3.8,0.00198995,,,,
1486,2010/6/20,1913.4,-28.9,-0.015104,,,,
1487,2010/7/20,1884.5,2.95,0.0015654,,,,
1488,2010/8/20,1887.45,35.8,0.01896739,,,,
1489,2010/9/20,1923.25,0.75,0.00038996,,,,
1490,,1924,0.75,0.00038981,,,,
1491,,1924.75,0.75,0.00038966,,,,
1492,2010/12/20,1925.5,-34.2,-0.01776162,,,,
1493,10/13/20,1891.3,18.75,0.00991382,,,,
1494,10/14/20,1910.05,-18.15,-0.00950237,,,,
1495,10/15/20,1891.9,13.15,0.00695068,,,,
1496,10/16/20,1905.05,0.183333333,0.00009624,,,,
1497,,1905.233333,0.183333333,0.00009623,,,,
1498,,1905.416667,0.183333333,0.00009622,,,,
1499,10/19/20,1905.6,-7.2,-0.00377834,,,,
1500,10/20/20,1898.4,25.75,0.01356405,,,,
1501,10/21/20,1924.15,-23.2,-0.01205727,,,,
1502,10/22/20,1900.95,2.7,0.00142034,,,,
1503,10/23/20,1903.65,-1.733333333,-0.00091053,,,,
1504,,1901.916667,-1.733333333,-0.00091136,,,,
1505,,1900.183333,-1.733333333,-0.00091219,,,,
1506,10/26/20,1898.45,7.25,0.0038189,,,,
1507,10/27/20,1905.7,-35.75,-0.01875951,,,,
1508,10/28/20,1869.95,0.35,0.00018717,,,,
1509,10/29/20,1870.3,11.55,0.00617548,,,,
1510,10/30/20,1881.85,2.683333333,0.0014259,,,,
1511,,1884.533333,2.683333333,0.00142387,,,,
1512,,1887.216667,2.683333333,0.00142185,,,,
1513,2011/2/20,1889.9,18.4,0.00973596,,,,
1514,2011/3/20,1908.3,-8.15,-0.00427082,,,,
1515,2011/4/20,1900.15,38.3,0.0201563,,,,
1516,2011/5/20,1938.45,2.35,0.00121231,,,,
1517,2011/6/20,1940.8,-24.5,-0.01262366,,,,
1518,,1916.3,-24.5,-0.01278505,,,,
1519,,1891.8,-24.5,-0.01295063,,,,
1520,2011/9/20,1867.3,11.4,0.00610507,,,,
1521,2011/10/20,1878.7,-17.75,-0.00944802,,,,
1522,2011/11/20,1860.95,13.9,0.0074693,,,,
1523,2011/12/20,1874.85,16.05,0.00856068,,,,
1524,11/13/20,1890.9,-1.766666667,-0.0009343,,,,
1525,,1889.133333,-1.766666667,-0.00093517,,,,
1526,,1887.366667,-1.766666667,-0.00093605,,,,
1527,11/16/20,1885.6,3.45,0.00182966,,,,
1528,11/17/20,1889.05,-12.95,-0.0068553,,,,
1529,11/18/20,1876.1,-18.75,-0.00999414,,,,
1530,11/19/20,1857.35,18.35,0.00987967,,,,
1531,11/20/20,1875.7,-11.83333333,-0.00630876,,,,
1532,,1863.866667,-11.83333333,-0.00634881,,,,
1533,,1852.033333,-11.83333333,-0.00638937,,,,
1534,11/23/20,1840.2,-40.6,-0.02206282,,,,
1535,11/24/20,1799.6,10.6,0.0058902,,,,
1536,11/25/20,1810.2,-2.8,-0.00154679,,,,
1537,11/26/20,1807.4,-28.1,-0.01554719,,,,
1538,11/27/20,1779.3,-5.583333333,-0.00313794,,,,
1539,,1773.716667,-5.583333333,-0.00314782,,,,
1540,,1768.133333,-5.583333333,-0.00315776,,,,
1541,11/30/20,1762.55,48.2,0.02734674,,,,
1542,2012/1/20,1810.75,11.85,0.00654425,,,,
1543,2012/2/20,1822.6,9.75,0.0053495,,,,
1544,2012/3/20,1832.35,10.65,0.00581221,,,,
1545,2012/4/20,1843,5.65,0.00306565,,,,
1546,,1848.65,5.65,0.00305628,,,,
1547,,1854.3,5.65,0.00304697,,,,
1548,2012/7/20,1859.95,8.2,0.00440872,,,,
1549,2012/8/20,1868.15,-26.4,-0.01413163,,,,
1550,2012/9/20,1841.75,2.6,0.0014117,,,,
1551,2012/10/20,1844.35,-2.35,-0.00127416,,,,
1552,2012/11/20,1842,-3.616666667,-0.00196345,,,,
1553,,1838.383333,-3.616666667,-0.00196731,,,,
1554,,1834.766667,-3.616666667,-0.00197119,,,,
1555,12/14/20,1831.15,19.5,0.01064905,,,,
1556,12/15/20,1850.65,1.3,0.00070246,,,,
1557,12/16/20,1851.95,38.8,0.02095089,,,,
1558,12/17/20,1890.75,-11,-0.0058178,,,,
1559,12/18/20,1879.75,0.083333333,0.00004433,,,,
1560,,1879.833333,0.083333333,0.00004433,,,,
1561,,1879.916667,0.083333333,0.00004433,,,,
1562,12/21/20,1880,-2.9,-0.00154255,,,,
1563,12/22/20,1877.1,-2.1,-0.00111875,,,,
1564,12/23/20,1875,-0.116666667,-0.00006222,,,,
1565,12/24/20,1874.883333,-0.116666667,-0.00006223,,,,
1566,,1874.766667,-0.116666667,-0.00006223,,,,
1567,,1874.65,-0.116666667,-0.00006223,,,,
1568,,1874.533333,-0.116666667,-0.00006224,,,,
1569,,1874.416667,-0.116666667,-0.00006224,,,,
1570,12/29/20,1874.3,13.3,0.00709598,,,,
1571,12/30/20,1887.6,11.12,0.00589108,,,,
1572,12/31/20,1898.72,11.12,0.00585658,,,,
1573,,1909.84,11.12,0.00582248,,,,
1574,,1920.96,11.12,0.00578877,,,,
1575,,1932.08,11.12,0.00575546,,,,
1576,2001/4/21,1943.2,-2.85,-0.00146665,,,,
1577,2001/5/21,1940.35,-8.4,-0.00432912,,,,
1578,2001/6/21,1931.95,-11.85,-0.0061337,,,,
1579,2001/7/21,1920.1,-57.2,-0.02979012,,,,
1580,2001/8/21,1862.9,-5.216666667,-0.00280029,,,,
1581,,1857.683333,-5.216666667,-0.00280816,,,,
1582,,1852.466667,-5.216666667,-0.00281607,,,,
1583,2001/11/21,1847.25,-6,-0.00324807,,,,
1584,2001/12/21,1841.25,17.6,0.00955872,,,,
1585,1/13/21,1858.85,-17.1,-0.00919924,,,,
1586,1/14/21,1841.75,-2.75,-0.00149315,,,,
1587,1/15/21,1839,-1.983333333,-0.00107848,,,,
1588,,1837.016667,-1.983333333,-0.00107965,,,,
1589,,1835.033333,-1.983333333,-0.00108082,,,,
1590,1/18/21,1833.05,1.65,0.00090014,,,,
1591,1/19/21,1834.7,21.9,0.01193656,,,,
1592,1/20/21,1856.6,5.5,0.0029624,,,,
1593,1/21/21,1862.1,-9.4,-0.00504806,,,,
1594,1/22/21,1852.7,1.383333333,0.00074666,,,,
1595,,1854.083333,1.383333333,0.0007461,,,,
1596,,1855.466667,1.383333333,0.00074554,,,,
1597,1/25/21,1856.85,-0.25,-0.00013464,,,,
1598,1/26/21,1856.6,-13.6,-0.00732522,,,,
1599,1/27/21,1843,10.7,0.00580575,,,,
1600,1/28/21,1853.7,10.1,0.00544856,,,,
1601,1/29/21,1863.8,-0.283333333,-0.00015202,,,,
1602,,1863.516667,-0.283333333,-0.00015204,,,,
1603,,1863.233333,-0.283333333,-0.00015207,,,,
1604,2002/1/21,1862.95,-29.85,-0.01602297,,,,
1605,2002/2/21,1833.1,2.35,0.00128198,,,,
1606,2002/3/21,1835.45,-49.55,-0.0269961,,,,
1607,2002/4/21,1785.9,17.05,0.00954701,,,,
1608,2002/5/21,1802.95,10.76666667,0.00597169,,,,
1609,,1813.716667,10.76666667,0.00593625,,,,
1610,,1824.483333,10.76666667,0.00590121,,,,
1611,2002/8/21,1835.25,4.35,0.00237025,,,,
1612,2002/9/21,1839.6,3.05,0.00165797,,,,
1613,2002/10/21,1842.65,-2.55,-0.00138388,,,,
1614,2002/11/21,1840.1,-23.75,-0.01290691,,,,
1615,2002/12/21,1816.35,0.316666667,0.00017434,,,,
1616,,1816.666667,0.316666667,0.00017431,,,,
1617,,1816.983333,0.316666667,0.00017428,,,,
1618,2/15/21,1817.3,-23.05,-0.01268365,,,,
1619,2/16/21,1794.25,-13.55,-0.0075519,,,,
1620,2/17/21,1780.7,-7.55,-0.00423991,,,,
1621,2/18/21,1773.15,13.05,0.00735978,,,,
1622,2/19/21,1786.2,7.083333333,0.00396559,,,,
1623,,1793.283333,7.083333333,0.00394992,,,,
1624,,1800.366667,7.083333333,0.00393438,,,,
1625,2/22/21,1807.45,-7.8,-0.00431547,,,,
1626,2/23/21,1799.65,-11.65,-0.00647348,,,,
1627,2/24/21,1788,-8.35,-0.00467002,,,,
1628,2/25/21,1779.65,-36.8,-0.02067822,,,,
1629,2/26/21,1742.85,-2.9,-0.00166394,,,,
1630,,1739.95,-2.9,-0.00166671,,,,
1631,,1737.05,-2.9,-0.0016695,,,,
1632,2003/1/21,1734.15,-10.3,-0.00593951,,,,
1633,2003/2/21,1723.85,-12.45,-0.00722221,,,,
1634,2003/3/21,1711.4,0.7,0.00040902,,,,
1635,2003/4/21,1712.1,-15.85,-0.00925764,,,,
1636,2003/5/21,1696.25,-3.066666667,-0.00180791,,,,
1637,,1693.183333,-3.066666667,-0.00181118,,,,
1638,,1690.116667,-3.066666667,-0.00181447,,,,
1639,2003/8/21,1687.05,29.85,0.01769361,,,,
1640,2003/9/21,1716.9,-0.7,-0.00040771,,,,
1641,2003/10/21,1716.2,8.05,0.0046906,,,,
1642,2003/11/21,1724.25,-19.45,-0.01128027,,,,
1643,2003/12/21,1704.8,6.283333333,0.00368567,,,,
1644,,1711.083333,6.283333333,0.00367214,,,,
1645,,1717.366667,6.283333333,0.0036587,,,,
1646,3/15/21,1723.65,11.35,0.00658486,,,,
1647,3/16/21,1735,-5.35,-0.00308357,,,,
1648,3/17/21,1729.65,-3.75,-0.00216807,,,,
1649,3/18/21,1725.9,9.3,0.00538849,,,,
1650,3/19/21,1735.2,0.316666667,0.0001825,,,,
1651,,1735.516667,0.316666667,0.00018246,,,,
1652,,1735.833333,0.316666667,0.00018243,,,,
1653,3/22/21,1736.15,-9.95,-0.00573107,,,,
1654,3/23/21,1726.2,4.3,0.00249102,,,,
1655,3/24/21,1730.5,6.8,0.0039295,,,,
1656,3/25/21,1737.3,-5.5,-0.00316583,,,,
1657,3/26/21,1731.8,-8.616666667,-0.00497556,,,,
1658,,1723.183333,-8.616666667,-0.00500044,,,,
1659,,1714.566667,-8.616666667,-0.00502557,,,,
1660,3/29/21,1705.95,-22,-0.01289604,,,,
1661,3/30/21,1683.95,7.1,0.00421628,,,,
1662,3/31/21,1691.05,35,0.0206972,,,,
1663,2004/1/21,1726.05,3.72,0.00215521,,,,
1664,,1729.77,3.72,0.00215057,,,,
1665,,1733.49,3.72,0.00214596,,,,
1666,,1737.21,3.72,0.00214136,,,,
1667,,1740.93,3.72,0.00213679,,,,
1668,2004/6/21,1744.65,-6.6,-0.00378299,,,,
1669,2004/7/21,1738.05,17.45,0.01003999,,,,
1670,2004/8/21,1755.5,-14.3,-0.00814583,,,,
1671,2004/9/21,1741.2,-2.783333333,-0.00159851,,,,
1672,,1738.416667,-2.783333333,-0.00160107,,,,
1673,,1735.633333,-2.783333333,-0.00160364,,,,
1674,2004/12/21,1732.85,15.1,0.00871397,,,,
1675,4/13/21,1747.95,-12.4,-0.00709402,,,,
1676,4/14/21,1735.55,21.65,0.01247443,,,,
1677,4/15/21,1757.2,17.25,0.00981675,,,,
1678,4/16/21,1774.45,0.016666667,0.00000939,,,,
1679,,1774.466667,0.016666667,0.00000939,,,,
1680,,1774.483333,0.016666667,0.00000939,,,,
1681,4/19/21,1774.5,3.35,0.00188786,,,,
1682,4/20/21,1777.85,20.35,0.01144641,,,,
1683,4/21/21,1798.2,-10.45,-0.00581137,,,,
1684,4/22/21,1787.75,-5.95,-0.00332821,,,,
1685,4/23/21,1781.8,-2.816666667,-0.0015808,,,,
1686,,1778.983333,-2.816666667,-0.0015833,,,,
1687,,1776.166667,-2.816666667,-0.00158581,,,,
1688,4/26/21,1773.35,10.8,0.00609017,,,,
1689,4/27/21,1784.15,-11.95,-0.00669787,,,,
1690,4/28/21,1772.2,-9.55,-0.00538878,,,,
1691,4/29/21,1762.65,5,0.00283664,,,,
1692,4/30/21,1767.65,7.525,0.00425706,,,,
1693,,1775.175,7.525,0.00423902,,,,
1694,,1782.7,7.525,0.00422113,,,,
1695,,1790.225,7.525,0.00420338,,,,
1696,2005/4/21,1797.75,-15.5,-0.00862189,,,,
1697,2005/5/21,1782.25,30.9,0.01733764,,,,
1698,2005/6/21,1813.15,23.4,0.01290572,,,,
1699,2005/7/21,1836.55,1.3,0.00070785,,,,
1700,,1837.85,1.3,0.00070735,,,,
1701,,1839.15,1.3,0.00070685,,,,
1702,2005/10/21,1840.45,-11.35,-0.00616697,,,,
1703,2005/11/21,1829.1,1.6,0.00087475,,,,
1704,2005/12/21,1830.7,-8.9,-0.00486153,,,,
1705,5/13/21,1821.8,16.3,0.0089472,,,,
1706,5/14/21,1838.1,5.2,0.00282901,,,,
1707,,1843.3,5.2,0.00282103,,,,
1708,,1848.5,5.2,0.00281309,,,,
1709,5/17/21,1853.7,13.05,0.00703997,,,,
1710,5/18/21,1866.75,21.7,0.01162448,,,,
1711,5/19/21,1888.45,-10.15,-0.00537478,,,,
1712,5/20/21,1878.3,-2.4,-0.00127775,,,,
1713,5/21/21,1875.9,1.416666667,0.00075519,,,,
1714,,1877.316667,1.416666667,0.00075462,,,,
1715,,1878.733333,1.416666667,0.00075405,,,,
1716,5/24/21,1880.15,6.85,0.00364333,,,,
1717,5/25/21,1887,12.75,0.00675676,,,,
1718,5/26/21,1899.75,-8.3,-0.004369,,,,
1719,5/27/21,1891.45,8.5,0.00449391,,,,
1720,5/28/21,1899.95,-0.15,-0.00007895,,,,
1721,,1899.8,-0.15,-0.00007896,,,,
1722,,1899.65,-0.15,-0.00007896,,,,
1723,,1899.5,-0.15,-0.00007897,,,,
1724,2006/1/21,1899.35,3.4,0.00179009,,,,
1725,2006/2/21,1902.75,-36.2,-0.0190251,,,,
1726,2006/3/21,1866.55,24.05,0.01288473,,,,
1727,2006/4/21,1890.6,-0.733333333,-0.00038788,,,,
1728,,1889.866667,-0.733333333,-0.00038803,,,,
1729,,1889.133333,-0.733333333,-0.00038819,,,,
1730,2006/7/21,1888.4,4.75,0.00251536,,,,
1731,2006/8/21,1893.15,1.45,0.00076592,,,,
1732,2006/9/21,1894.6,-5.95,-0.0031405,,,,
1733,2006/10/21,1888.65,-7.6,-0.00402404,,,,
1734,2006/11/21,1881.05,-5.15,-0.00273783,,,,
1735,,1875.9,-5.15,-0.00274535,,,,
1736,,1870.75,-5.15,-0.00275291,,,,
1737,6/14/21,1865.6,-0.5,-0.00026801,,,,
1738,6/15/21,1865.1,-4.35,-0.00233231,,,,
1739,6/16/21,1860.75,-82.05,-0.04409512,,,,
1740,6/17/21,1778.7,-5.6,-0.00314837,,,,
1741,6/18/21,1773.1,0.65,0.00036659,,,,
1742,,1773.75,0.65,0.00036646,,,,
1743,,1774.4,0.65,0.00036632,,,,
1744,6/21/21,1775.05,0,0,,,,
1745,6/22/21,1775.05,16.55,0.00932368,,,,
1746,6/23/21,1791.6,-6.75,-0.00376758,,,,
1747,6/24/21,1784.85,1.8,0.00100849,,,,
1748,6/25/21,1786.65,-2.116666667,-0.00118471,,,,
1749,,1784.533333,-2.116666667,-0.00118612,,,,
1750,,1782.416667,-2.116666667,-0.00118753,,,,
1751,6/28/21,1780.3,-24.85,-0.01395832,,,,
1752,6/29/21,1755.45,7.7,0.00438634,,,,
1753,6/30/21,1763.15,18.35,0.01040751,,,,
1754,2007/1/21,1781.5,4.65,0.00261016,,,,
1755,2007/2/21,1786.15,1.733333333,0.00097043,,,,
1756,,1787.883333,1.733333333,0.00096949,,,,
1757,,1789.616667,1.733333333,0.00096855,,,,
1758,2007/5/21,1791.35,18.5,0.01032741,,,,
1759,2007/6/21,1809.85,-5.2,-0.00287317,,,,
1760,2007/7/21,1804.65,3.05,0.00169008,,,,
1761,2007/8/21,1807.7,-1.7,-0.00094042,,,,
1762,2007/9/21,1806,-4.533333333,-0.00251015,,,,
1763,,1801.466667,-4.533333333,-0.00251647,,,,
1764,,1796.933333,-4.533333333,-0.00252282,,,,
1765,2007/12/21,1792.4,21.45,0.01196719,,,,
1766,7/13/21,1813.85,9.35,0.00515478,,,,
1767,7/14/21,1823.2,0.55,0.00030167,,,,
1768,7/15/21,1823.75,0.55,0.00030158,,,,
1769,7/16/21,1824.3,-3.133333333,-0.00171755,,,,
1770,,1821.166667,-3.133333333,-0.00172051,,,,
1771,,1818.033333,-3.133333333,-0.00172347,,,,
1772,7/19/21,1814.9,8.15,0.00449061,,,,
1773,7/20/21,1823.05,-20.9,-0.0114643,,,,
1774,7/21/21,1802.15,-2.7,-0.00149821,,,,
1775,7/22/21,1799.45,0.15,0.00008336,,,,
1776,7/23/21,1799.6,0.2,0.00011114,,,,
1777,,1799.8,0.2,0.00011112,,,,
1778,,1800,0.2,0.00011111,,,,
1779,7/26/21,1800.2,0.15,0.00008332,,,,
1780,7/27/21,1800.35,-3.75,-0.00208293,,,,
1781,7/28/21,1796.6,32.7,0.01820105,,,,
1782,7/29/21,1829.3,-3.55,-0.00194063,,,,
1783,7/30/21,1825.75,-4.766666667,-0.0026108,,,,
1784,,1820.983333,-4.766666667,-0.00261763,,,,
1785,,1816.216667,-4.766666667,-0.0026245,,,,
1786,2008/2/21,1811.45,1.2,0.00066245,,,,
1787,2008/3/21,1812.65,16.45,0.00907511,,,,
1788,2008/4/21,1829.1,-28.35,-0.01549943,,,,
1789,2008/5/21,1800.75,-37.85,-0.02101902,,,,
1790,2008/6/21,1762.9,-8.016666667,-0.00454743,,,,
1791,,1754.883333,-8.016666667,-0.0045682,,,,
1792,,1746.866667,-8.016666667,-0.00458917,,,,
1793,2008/9/21,1738.85,-15.5,-0.00891394,,,,
1794,2008/10/21,1723.35,20.25,0.01175037,,,,
1795,2008/11/21,1743.6,3.8,0.0021794,,,,
1796,2008/12/21,1747.4,26.45,0.01513677,,,,
1797,8/13/21,1773.85,4.166666667,0.00234894,,,,
1798,,1778.016667,4.166666667,0.00234344,,,,
1799,,1782.183333,4.166666667,0.00233796,,,,
1800,8/16/21,1786.35,3.1,0.00173538,,,,
1801,8/17/21,1789.45,-6,-0.00335299,,,,
1802,8/18/21,1783.45,-1.4,-0.000785,,,,
1803,8/19/21,1782.05,-3,-0.00168345,,,,
1804,8/20/21,1779.05,7.65,0.00430005,,,,
1805,,1786.7,7.65,0.00428164,,,,
1806,,1794.35,7.65,0.00426338,,,,
1807,8/23/21,1802,6.45,0.00357936,,,,
1808,8/24/21,1808.45,-19.75,-0.01092095,,,,
1809,8/25/21,1788.7,-2.1,-0.00117404,,,,
1810,8/26/21,1786.6,11.9,0.0066607,,,,
1811,8/27/21,1798.5,4.0875,0.00227273,,,,
1812,,1802.5875,4.0875,0.00226757,,,,
1813,,1806.675,4.0875,0.00226244,,,,
1814,,1810.7625,4.0875,0.00225734,,,,
1815,8/31/21,1814.85,-3.05,-0.00168058,,,,
1816,2009/1/21,1811.8,0.75,0.00041395,,,,
1817,2009/2/21,1812.55,11.15,0.00615155,,,,
1818,2009/3/21,1823.7,-0.7,-0.00038384,,,,
1819,,1823,-0.7,-0.00038398,,,,
1820,,1822.3,-0.7,-0.00038413,,,,
1821,2009/6/21,1821.6,-19.45,-0.01067743,,,,
1822,2009/7/21,1802.15,-16.15,-0.00896152,,,,
1823,2009/8/21,1786,2.25,0.0012598,,,,
1824,2009/9/21,1788.25,6.35,0.00355096,,,,
1825,2009/10/21,1794.6,-1794.6,-1,,,,
